"","mean.growth_Before_PrEP","mean.growth_Early_HAART","mean.growth_Early_TaSP","mean.growth_Harm_reduction","mean.growth_PrEP_COVID19","mean.growth_PrEP_post-COVID19","mean.growth_PrEP_pre-COVID19","mean.growth_STOP_HIVAIDS","stdev.growth_Before_PrEP","stdev.growth_Early_HAART","stdev.growth_Early_TaSP","stdev.growth_Harm_reduction","stdev.growth_PrEP_COVID19","stdev.growth_PrEP_post-COVID19","stdev.growth_PrEP_pre-COVID19","stdev.growth_STOP_HIVAIDS","mean.growth.smooth_Before_PrEP","mean.growth.smooth_Early_HAART","mean.growth.smooth_Early_TaSP","mean.growth.smooth_Harm_reduction","mean.growth.smooth_PrEP_COVID19","mean.growth.smooth_PrEP_post-COVID19","mean.growth.smooth_PrEP_pre-COVID19","mean.growth.smooth_STOP_HIVAIDS","stdev.growth.smooth_Before_PrEP","stdev.growth.smooth_Early_HAART","stdev.growth.smooth_Early_TaSP","stdev.growth.smooth_Harm_reduction","stdev.growth.smooth_PrEP_COVID19","stdev.growth.smooth_PrEP_post-COVID19","stdev.growth.smooth_PrEP_pre-COVID19","stdev.growth.smooth_STOP_HIVAIDS","clusterID","FC.before.during.mean","FC.before.during.mean.smooth"
"1",0.0344359064983374,1.20276879138807,0.0820707046695243,0.122159333983088,0.0232468924168337,0.0206555214559562,0.0264196581655233,0.0551119839978249,0.0128002872845197,2.63474630728835,0.0246211361940317,0.0387710002493786,0.00737043223951831,0.00815953669414195,0.0079517260442096,0.0197905081124622,0.0370365302284493,1.43605963445764,0.0863339038626347,0.126878514341075,0.0240087273620887,0.0197732449603177,0.0271105230268065,0.0565604564760688,0.00246745550659721,2.63486697281983,0.00731368344009324,0.0189063198034803,0.000795421184765696,0.00134738431632764,0.00159250699748882,0.00807305005481317,9999,0.767212507293771,0.731994138208492
"2",0.00760816384474397,1.21648558788907,0.0831222207407753,0.107296830154055,0.00965672774385313,0.0226246147100169,0.0114015665054041,0.0389311777400401,0.0151501886295592,2.46278233924052,0.0735985784306603,0.0875834475218771,0.0187366254761274,0.0238486281499615,0.0250178738247277,0.0449551398738598,0.00924887937417126,1.46293036364282,0.0883164998366784,0.114366318243067,0.00962752457559286,0.0236173420428137,0.00650356941476363,0.0410155074745061,0.00502766119187218,2.44511874585475,0.0298175875437318,0.0330472044764025,0.00676416103108915,0.00439758456705402,0.00832574131540594,0.0169189668976316,57,1.49859634178104,0.703173773995337
"3",0,0.985874636861526,0.0514409880393937,0.0746177408096459,0.0117064937587791,0.00417972831765935,0.00627487398400012,0.0219274045692811,0,2.07615790789748,0.0392899528729787,0.0593764910139496,0.0237567577347033,0.0138625905552995,0.0150084096052061,0.0278611942777844,0.000619303730394252,1.16657496120851,0.0515093219532625,0.0837351073382124,0.0104834395000631,0.00498123583037664,0.005349682337159,0.0252390338481659,0.00174834556640646,2.06911266372394,0.00856164081295766,0.0397672964593837,0.00229212076664737,0.00521367914506302,0.00362701520740131,0.0148772603379131,49,Inf,8.63822075438391
"4",0.112275737649933,0.597959183673469,0.18912528142486,0.279959749492773,0.0545727064118069,0.0276145628505999,0.0736387009902814,0.173672687878165,0.0838587793216565,2.01628405934034,0.192748482006801,0.507209226777656,0.0286829354649095,0.02536734040521,0.0563267700472468,0.136838139012611,0.108182065608325,0.682709750566893,0.207921954172596,0.27516170379883,0.0580481115372699,0.0334048188138012,0.0911805205622877,0.168472421243121,0.015607623235539,1.98401234307378,0.0697649292854485,0.134870349079054,0.00557379165771875,0.00748277510437599,0.0306316992630238,0.0532435237295677,31,0.655873677890061,0.842843220357879
"5",0.122262435564235,0.857142857142857,0.397586543358602,0.138888888888889,0.0345226505873775,0.0373634062715647,0.0450144672872253,0.300151243110583,0.109498750700722,3.20713490294909,0.782577522539769,0.844294113955984,0.0620096904779631,0.042930978235202,0.0635286996859482,0.347648274527056,0.147415575800395,0.928571428571429,0.388931518848798,0.138888888888889,0.02514404483437,0.040924320078733,0.06239902996315,0.290456853312124,0.0488051008949535,3.19769834807393,0.25920694245513,0.203644416847853,0.00999350180087941,0.00497524873095134,0.0206789724202783,0.111101170094773,95,0.36817904926796,0.423286546379876
"6",0.0253124618813413,0.502721088435374,0.202398438113495,0.284268288068854,NA,NA,0.00340425531914894,0.0710936650809844,0.0402978996371165,1.94487556072163,0.179489115939594,0.401114094145493,NA,NA,0.0170212765957447,0.0863970909542102,0.0294338768069009,0.600963718820862,0.211298236213649,0.284768135443701,NA,NA,0.00313880445795324,0.0742987187594192,0.0169429354706782,1.92635905419121,0.0353853655722305,0.0863301859441185,NA,NA,0.00361409220550989,0.0219061056783092,13,0.134489301558547,0.106639179016246
"7",0.0217391304347826,0.945782348608952,0.0577693481507629,0.0752398815719308,0.157416437576286,0.0406779661016949,0.0865551621630649,0.0543856587085102,0.0736512655530365,2.30527812418332,0.138165353771613,0.178865045120291,0.178677973641025,0.090958697389822,0.156587238145688,0.10690416662782,0.0135291396854763,1.12233660641769,0.0629776814840961,0.0978841751336874,0.153300678152793,0.105981420529699,0.0681043453815027,0.0531972015186653,0.0153957697994695,2.2705172663967,0.0390458448814279,0.0869169352851131,0.0323493685674162,0.00757989144915183,0.0262222098178646,0.0328700209577135,137,3.98153745950099,5.03390067401059
"8",NA,0.940503163838538,0.0173195627877408,0.0593285658292813,NA,NA,NA,0.00854700854700855,NA,2.16589942994102,0.0580568022114248,0.121563995755081,NA,NA,NA,0.0444115591684328,NA,1.11854940090336,0.0180442552660629,0.0712114139882863,NA,NA,NA,0.00396111361023621,NA,2.15143511146112,0.0122277710786574,0.0582243546664187,NA,NA,NA,0.00755776771645034,156,NA,NA
"9",0.0479311053561886,0.752857142857143,0.0936847471115206,0.139853270367976,0.0104895104895105,0,0.0262922853634029,0.118691913107044,0.116519048073692,2.29842209200787,0.235196227555478,0.399772278077901,0.0492001653128332,0,0.0742451713578916,0.197412713095294,0.0760804491722431,0.917142857142857,0.0901851733689801,0.138452710143887,0.0190493468795356,0.0016025641025641,0.0183097019091214,0.118994788839856,0.0301390250821443,2.21837984575822,0.0593391663476081,0.106187136167363,0.000185691696559928,0.00555144489605409,0.01138163765607,0.0654512288373667,142,0.548543272015491,0.240662379209525
"10",0,1.0242209532016,0.0264849290780142,0.0411571269186701,NA,NA,0.0249480249480249,0.0143385753931545,0,2.46269809999914,0.0784940437877395,0.0977198287156912,NA,NA,0.0899513831716588,0.0595379833963786,-3.14563190310461e-16,1.21953367861189,0.0274955191951893,0.0430349954798907,NA,NA,0.008316008316008,0.0166841723198681,0,2.44641995696444,0.0156441726077357,0.0307679216141249,NA,NA,0.0129833638220341,0.0180038566232479,201,Inf,-26436686084600.2
"11",0.0728744939271255,0.838119876859167,0.0725403319281373,0.129748861681578,NA,NA,NA,0.00378787878787879,0.138482845153741,2.07937287479561,0.140246444914027,0.261921049667318,NA,NA,NA,0.0321412173266612,0.0242914979757086,1.0027421884521,0.0879143472062447,0.129820837766196,NA,NA,NA,0.00711584443468511,0.0226925394342783,2.00893458221505,0.0407830796894506,0.0722764621526199,NA,NA,NA,0.0110940399797128,110,NA,NA
"12",0.0113636363636364,0.307692307692308,0.0699603905099261,0.502831321851186,0.0195121951219512,NA,0,0.0494360892803291,0.0556702214268904,1.92153784566105,0.156009761063384,1.06021851609533,0.0755704067552667,NA,0,0.129452172896087,0.0113636363636364,0.333333333333333,0.103865242687672,0.479131595837952,0.0016260162601626,NA,0,0.0505325805083992,0.0116080436012557,1.92399438303882,0.091889577151562,0.376738530047339,0.00629753389627222,NA,0,0.0324096002421355,175,0,0
"13",0,0.758471760797342,0.048761960874964,0.220496553736775,NA,NA,NA,0.0542587265758668,0,2.15589866798126,0.11947703794487,0.431180427266019,NA,NA,NA,0.125275827568308,0.0302003649790829,0.865060908084164,0.057786081629109,0.209390109591016,NA,NA,NA,0.0526378980012878,0.0346677839221088,2.09777458176762,0.054035286878218,0.111308280429559,NA,NA,NA,0.0296888584547708,105,NA,NA
"14",NA,0.924281842650962,0.0430173992673993,0.0627538225404641,NA,NA,NA,0.0100925147182506,NA,2.05780410612959,0.12063784230498,0.178338686935354,NA,NA,NA,0.0543498550762103,NA,1.04743134528479,0.040438034188034,0.0784423140230375,NA,NA,NA,0.0203962914013375,NA,1.96109781832252,0.0298149161484921,0.0596159291438242,NA,NA,NA,0.0219274964061869,204,NA,NA
"15",0,0.929193029193029,0.0524024382480265,0.176147057447623,0.0476190476190476,NA,0,0.00462962962962963,0,2.30950010652838,0.128238980851654,0.29805871628804,0.142857142857143,NA,0,0.0392837100659193,0,1.07839012839013,0.0627760903970581,0.211408724295311,0.00396825396825397,NA,0,0.00663709928415811,0,2.23382046159308,0.0323423177593045,0.121369928365173,0.0119047619047619,NA,0,0.0161142920732173,29,NA,NA
"16",0.235616152535489,0.818181818181818,0.0916666666666667,0.0972222222222222,0.072767721710992,0.185221678023536,0.137335075770089,0.129102379102379,0.481664831109561,2.80537517457645,0.446181593282822,0.585258392969696,0.158049952312586,0.179118991975649,0.210747338812984,0.488239416721599,0.245031476596122,0.613636363636364,0.0847222222222222,0.173611111111111,0.089858982322831,0.1224486281818,0.135716179266398,0.121445683945684,0.170447033647154,2.55385711174023,0.0937675646797612,0.193674419858866,0.0217795751839889,0.0506036267714781,0.0841490267546829,0.12090830100079,22,0.582876319353374,0.55387242958216
"17",0.0731835158305747,NA,0.516876873126873,12,0.0769230769230769,NA,0.0246197614618667,0.146156156479711,0.14583381962108,NA,1.35809494719508,NA,0.153846153846154,NA,0.0869827132303334,0.267300457634616,0.0694343425501514,NA,0.491745754245754,12,0.00641025641025641,NA,0.0364939983361036,0.173760930178234,0.0155715645761797,NA,0.560874067377468,NA,0.0128205128205128,NA,0.0175029297877524,0.124804859938156,72,0.336411296757911,0.525590032191124
"18",0.15452712123805,1,0.0227272727272727,0.315939153439153,0.0945945945945946,NA,0.0275606746194981,0.124403111153515,0.294445205091111,3.46410161513775,0.157459164324443,1.04961220057508,0.202952798667906,NA,0.0973754627377128,0.335242283830974,0.219815192164708,1.08333333333333,0.00378787878787879,0.315939153439153,0.0475654225654226,NA,0.0369575277663513,0.111873375390084,0.109954486661304,3.4498572653829,0.0183582669566781,0.242794056484666,0.0440785344802457,NA,0.022961709579324,0.12926662925631,234,0.178354934711045,0.168129997760387
"19",0.0469055474095797,0.3,0.241085609651786,0.26547619047619,NA,NA,0.0302521008403361,0.0923160244568619,0.126816743593936,1.89736659610103,0.441276339766168,0.983128004182096,NA,NA,0.100242690401338,0.2156058478017,0.0199958251873574,0.325,0.24896376091229,0.249603174603175,NA,NA,0.0408308975764219,0.102936939489542,0.0182451162700146,1.89989878272907,0.133221767286865,0.27793598381917,NA,NA,0.0220987087645592,0.0819341476969414,73,0.644957846375281,2.04197112116371
"20",0.0536170406860062,0.4,0.119099503923336,0.385455747955748,NA,NA,0,0.0637934408586582,0.144978885539217,2.19089023002066,0.277068063846923,1.02254811396356,NA,NA,NA,0.170608591080268,0.0579826463447153,0.433333333333333,0.130693706821887,0.377122414622415,NA,NA,0.0344827586206897,0.0595896132852655,0.0278973864138312,2.1922014338187,0.0587751716526776,0.234867261676669,NA,NA,NA,0.0516934414407977,177,0,0.594708258324131
"21",0.0263157894736842,0.883074039332332,0.0578032153032153,0.0479204249856424,NA,NA,0,0,0.128920512778062,2.05577677196892,0.154716207150992,0.147334507347311,NA,NA,NA,0,0.0153508771929825,1.04850149686505,0.058032153032153,0.0581467564839037,NA,NA,0.0526315789473684,0.001984126984127,0.0244371379730282,1.96010366299067,0.04133286877678,0.0679797001589535,NA,NA,NA,0.00823817471263464,109,0,3.42857142857143
"22",0,0.740816326530612,0.118713336783989,0.125188237688238,NA,NA,0.223041474654378,0.0506956467838527,0,2.17888315911864,0.331315821788632,0.400108292236252,NA,NA,0.305774172400498,0.14501165753764,0.00977011494252874,0.820181405895692,0.136094355523703,0.112393162393162,NA,NA,0.0789554531490015,0.0486466712716088,0.0184904844855127,2.07434048723205,0.0869157658542693,0.10212991620076,NA,NA,0.041509912759581,0.0307641372503881,219,Inf,8.08132285172133
"23",NA,1.7125,0.086536384585485,0.227004228571566,NA,NA,NA,0.0269113830181683,NA,3.30492057393215,0.274479884497532,0.470298249853525,NA,NA,NA,0.126978544182481,NA,1.75729166666667,0.086536384585485,0.305013487830825,NA,NA,NA,0.0204239278210357,NA,3.21522978125923,0.0610904395199077,0.273237361991626,NA,NA,NA,0.0315518017142624,34,NA,NA
"24",0.0339080459770115,0.84853638425067,0.0766700147678409,0.095823055943025,NA,NA,0,0.0178723468953354,0.114897042474113,2.22182109511121,0.188359252110361,0.280391940649866,NA,NA,0,0.0863525992848909,0.0339080459770115,0.863687899402185,0.0766700147678409,0.10087356099353,NA,NA,0,0.0178723468953354,0.0316203242414375,1.83200380252422,0.0544880039361429,0.0844651519884908,NA,NA,0,0.0180130856536973,102,0,0
"25",0,0.668571428571429,0.0300320512820513,0.241677079874852,NA,NA,0.166666666666667,0.00641025641025641,0,2.1903224888226,0.117611458632418,0.433093533028028,NA,NA,0.408248290463863,0.0543928293220421,0,0.730476190476191,0.0477017140468227,0.230609555410589,NA,NA,0.0138888888888889,0.00801282051282051,0,2.07580004937968,0.05035112461083,0.136177857860943,NA,NA,0.0340206908719886,0.0157294771486832,206,Inf,Inf
"26",0.0454545454545454,0.363636363636364,0.504969336219336,0,0,NA,0.0602766798418972,0.159447394567364,0.153998100701804,2.08893187146837,1.20386719479938,0,0,NA,0.170325235937842,0.308537327088431,0.0716450216450217,0.393939393939394,0.4936056998557,0,1.85037170770859e-17,NA,0.0602766798418972,0.158292993412962,0.0433121532094365,2.09074439404058,0.268604388754083,0,0,NA,0.0590990604271993,0.0570298347832774,217,1.32608695652174,0.841324050965454
"27",NA,0.938153706758358,0.021286231884058,0.0561337467515957,NA,NA,NA,0.073905325443787,NA,2.25255354652804,0.103189842004959,0.17258652660997,NA,NA,NA,0.176839568663412,NA,1.16340287619357,0.0230978260869564,0.0549260172829966,NA,NA,NA,0.0468639053254436,NA,2.19836579064388,0.0232793492030511,0.0338542528072759,NA,NA,NA,0.033953505564676,200,NA,NA
"28",0.0294117647058823,1.38888888888889,0.190146067168126,0.153114478114478,NA,NA,0.03,0.00980392156862745,0.144087631928422,3.16486016583372,0.380988415947028,0.55003059194064,NA,NA,0.15,0.0831890330807703,0.0294117647058823,1.6712962962963,0.167474498540675,0.153114478114478,NA,NA,0.03,0.0249183006535948,0.0300443481444264,3.07842378369379,0.0966952942165313,0.171377045087918,NA,NA,0.0318688719599549,0.041366063172279,122,1.02,1.02
"29",0.0715367965367965,2.4,0.273214285714286,0.0833333333333333,0.183829853780593,NA,0.0755106766143555,0.157271714353758,0.193506651407083,5.3665631459995,0.851978489716011,0.707106781186548,0.229446856613786,NA,0.180818257082014,0.423767183347627,0.105284359889623,2.4,0.361011904761905,0.0347222222222222,0.135730806321939,NA,0.0469307949575508,0.149990780537736,0.0402441032531343,5.3665631459995,0.19799778468068,0.153053173326837,0.0277285751914899,NA,0.0296590476358234,0.0955192096488884,41,1.05555015418554,0.4457527690414
"30",NA,0.909850104646485,NA,0.0832671618625314,NA,NA,NA,NA,NA,2.10406036019508,NA,0.192593439818912,NA,NA,NA,NA,NA,1.1202112576547,NA,0.0877131219962078,NA,NA,NA,NA,NA,2.03114418294063,NA,0.0547229154693509,NA,NA,NA,NA,210,NA,NA
"31",0.0185185185185185,NA,0.270833333333333,0.315789473684211,NA,NA,0,0.289347730480285,0.0907218423253029,NA,1.10587566792465,1.94665705356915,NA,NA,0,0.617701281683439,0.0367403691316735,NA,0.213541666666667,0.342105263157895,NA,NA,-1.85037170770859e-17,0.321468224720345,0.0473003283088811,NA,0.250829740084062,1.94903046985007,NA,NA,0,0.167367539386465,93,0,-5.03634490191719e-16
"32",0.0303030303030303,0.815357142857143,0.167132019811973,0.108417508417508,NA,NA,NA,0.0162698412698413,0.14213381090374,2.22662493067294,0.39449359605369,0.334447454139269,NA,NA,NA,0.0969588017148679,0.00252525252525253,0.925922619047619,0.138078764738014,0.145371873496873,NA,NA,NA,0.0356386779858142,0.0118444842419784,2.15176056138689,0.127362701851768,0.129981969149608,NA,NA,NA,0.0648678053479648,235,NA,NA
"33",0.0238095238095238,0.7,0.0598447712418301,0.133593721093721,NA,NA,0.177501194457716,0.0171052631578947,0.116642368703961,2.17625769636218,0.253520207834407,0.391788899923827,NA,NA,0.321196225180405,0.101940709415426,0.0238095238095238,0.775396825396825,0.0598447712418301,0.149797424797425,NA,NA,0.0484460105112279,0.0171052631578947,0.0243216151645357,2.08358612481027,0.0716390647260301,0.154346137905479,NA,NA,0.0734461805202174,0.0243722640892762,26,7.45505016722408,2.03473244147157
"34",0,NA,0.398214285714286,0.292682926829268,NA,NA,0,0.19638985502241,0,NA,1.18579530612707,1.87408514266327,NA,NA,0,0.405999627387204,0.0123792270531401,NA,0.319146825396825,0.317073170731707,NA,NA,0,0.244975086216337,0.0293459136242502,NA,0.25779494335676,1.87668623363422,NA,NA,0,0.212480950630183,91,NA,0
"35",0.316403245447363,NA,1.71428571428571,NA,0,0.252631578947368,0.0704453441295547,0.287896825396825,0.425256829775358,NA,4.53557367611073,NA,0,0.345930036319052,0.198983995086156,0.923537382907174,0.315218604924487,NA,1.71428571428571,NA,0.0204545454545455,0.0526315789473684,0.120577319996825,0.277827380952381,0.0716723015621563,NA,4.53557367611073,NA,0.0251618139870098,0.0372161463782393,0.0827792600293174,0.261505811436499,209,0.222644189473948,0.382519680352338
"36",0.0444664031620553,NA,0.108630952380952,0.357746478873239,NA,NA,0,0.15160802891066,0.150690889649868,NA,0.428315420834922,1.7471333232168,NA,NA,0,0.426047418909212,0.0563711650668172,NA,0.108630952380952,0.371830985915493,NA,NA,0,0.147639774942407,0.0428467970270346,NA,0.108807982980229,1.42752030410961,NA,NA,0,0.15082930490565,218,0,0
"37",0,0.893580063347505,0.0322916666666667,0.0300245098039216,NA,NA,NA,0.0202205882352941,0,2.24242166135532,0.156589170889038,0.145065981431763,NA,NA,NA,0.120522985863075,7.40148683083438e-17,1.11520075531703,0.0360498366013073,0.0219635076252724,NA,NA,NA,0.0267020697167757,0,2.21850488727697,0.0308666147018484,0.0313775259801147,NA,NA,NA,0.037073267619482,6,NA,NA
"38",NA,0.461538461538462,0.183350432247491,0.242328042328042,NA,NA,NA,0.0776315789473684,NA,2.12561017674497,0.400282385908629,0.748223303273686,NA,NA,NA,0.20988030173756,NA,0.358974358974359,0.191403653536006,0.280522486772487,NA,NA,NA,0.103849697773846,NA,1.92267877119918,0.105115313280347,0.20909208121772,NA,NA,NA,0.103715137169996,67,NA,NA
"39",NA,0.27906976744186,0.0902513637033761,0.355485255485256,NA,NA,NA,0.0336643748408454,NA,1.82998284399126,0.311904462805547,1.07751289693537,NA,NA,NA,0.136106831319905,NA,0.302325581395349,0.11509110729312,0.338925426425426,NA,NA,NA,0.0283167812579577,NA,1.83270400957464,0.0852717677789005,0.33621598032365,NA,NA,NA,0.023964028637629,232,NA,NA
"40",0.1,0.581395348837209,0.106755050505051,0.0849206349206349,NA,NA,NA,0.104643718711056,0.244948974278318,2.12952664245607,0.360579370186895,0.414177387411613,NA,NA,NA,0.26702452871812,0.0333333333333333,0.775193798449612,0.100883838383838,0.0849206349206349,NA,NA,NA,0.106474526791864,0.0258198889747161,2.12564453995139,0.107265878911684,0.110844110868298,NA,NA,NA,0.0681393253677118,15,NA,NA
"41",0.12,0.676190476190476,0,0.106553631553632,NA,NA,NA,0.0823727635453642,0.25298221281347,2.24453912090499,0,0.425631338286492,NA,NA,NA,0.259833506196871,0.045,0.596825396825397,0,0.166738816738817,NA,NA,NA,0.0823727635453642,0.0283823106098773,1.82950538318146,0,0.219389098724127,NA,NA,NA,0.0744933739944985,74,NA,NA
"42",0,0.864705882352941,0.0693795787545788,0.159515484515485,0,NA,0,0,0,2.39530884362079,0.23330263598279,0.577111710843501,0,NA,0,0,0,0.751470588235294,0.0628691620879121,0.226876595626596,0,NA,0,0.00434027777777778,0,2.02414036975761,0.0659042434372748,0.272246403142276,0,NA,0,0.0159995216453336,132,NA,NA
"43",0,0.641025641025641,0.120042457542458,0.124272486772487,NA,NA,0,0.0306372549019608,0,2.23002453948239,0.393981484189744,0.46896064909304,NA,NA,0,0.148023966286724,0,0.807692307692308,0.148465076590077,0.0900462962962963,NA,NA,0,0.0459150326797386,0,2.18331607785416,0.112642349410336,0.198135831308623,NA,NA,0,0.0666945005443018,14,NA,NA
"44",NA,0.3,0.0982323232323232,0.286309523809524,NA,NA,NA,0.1051667630615,NA,1.89736659610103,0.330530288930039,0.993263997527411,NA,NA,NA,0.35719936546748,NA,0.325,0.121669823232323,0.270684523809524,NA,NA,NA,0.081043956043956,NA,1.89989878272907,0.0946204599045879,0.291015502294864,NA,NA,NA,0.100800218730535,75,NA,NA
"45",0.0952380952380952,0.727272727272727,0.0501488095238095,0.218911181411181,NA,NA,NA,0.0202205882352941,0.251976315339485,2.65799455697995,0.196592164997855,0.68173675636542,NA,NA,NA,0.120522985863075,0.00793650793650794,0.803030303030303,0.114104876604877,0.172801581134914,NA,NA,NA,0.0236928104575163,0.0209980262782904,2.6520613743708,0.146197363022294,0.261745819108584,NA,NA,NA,0.0299307520266232,171,NA,NA
"46",NA,0.611111111111111,0.0421052631578947,0.267829460844167,NA,NA,NA,NA,NA,2.28382858723526,0.163072982998207,0.741687428929769,NA,NA,NA,NA,NA,0.782407407407407,0.00350877192982456,0.267829460844167,NA,NA,NA,NA,NA,2.27052173727441,0.0135894152498506,0.219538851057324,NA,NA,NA,NA,246,NA,NA
"47",NA,0.375,0.294142110612699,0.241666666666667,NA,NA,NA,NA,NA,2.12132034355964,0.584349847075905,0.96819128595396,NA,NA,NA,NA,NA,0.40625,0.285192889898772,0.202314814814815,NA,NA,NA,NA,NA,2.1229829136413,0.104416955714533,0.323436476888139,NA,NA,NA,NA,163,NA,NA
"48",0.106666666666667,NA,0.21140873015873,0.462962962962963,NA,NA,NA,0.0775752025752026,0.413118223595458,NA,0.583847437646685,1.91037843690387,NA,NA,NA,0.260361222942721,0.0279365079365079,NA,0.217485119047619,0.523148148148148,NA,NA,NA,0.0869171337921338,0.0434899117265679,NA,0.176253814748553,1.79836699937206,NA,NA,NA,0.0916956422450649,166,NA,NA
"49",0,NA,NA,NA,0,2.14427239427239,0,0.210526315789474,0,NA,NA,NA,0,2.21065504661969,0,1.58943882847805,0,NA,NA,NA,0,1.15422632922633,0,0.228070175438596,0,NA,NA,NA,0,0.861614459312532,0,1.59258935451997,168,NA,NA
"50",NA,0.761111111111111,0.121338383838384,0.120039682539683,NA,NA,NA,0.0678102385419459,NA,2.32935034202093,0.361473234333731,0.444510186244727,NA,NA,NA,0.244859016424372,NA,0.82037037037037,0.122262806637807,0.138194444444444,NA,NA,NA,0.0562080196226538,NA,2.25054177290823,0.0744808523485883,0.150318605722453,NA,NA,NA,0.0592296871571326,215,NA,NA
"51",NA,0.461538461538462,0.146819153069153,0.26547619047619,NA,NA,NA,0.107345696899449,NA,2.35339362165821,0.398808063746709,0.983128004182096,NA,NA,NA,0.273945635450251,NA,0.5,0.138119519369519,0.25952380952381,NA,NA,NA,0.124353030336803,NA,2.35372045918796,0.10957830982235,0.280604884623045,NA,NA,NA,0.0864719924242912,226,NA,NA
"52",0,NA,0.348719336219336,1.57142857142857,0,NA,0.0307692307692308,0.0247252747252747,0,NA,0.740465459002384,3.52385902351136,0,NA,0.156892908110547,0.14740709465272,0,NA,0.377444083694084,1.78571428571429,0.0533333333333333,NA,0.0102564102564103,0.0426124801124801,0,NA,0.210859331875066,3.45881048387592,0.0281091347570523,NA,0.0245297656268747,0.0514597411344107,35,Inf,Inf
"53",0.157509157509158,0.488372093023256,0,0.0849206349206349,0,NA,0.0576923076923077,0.0560185185185185,0.465848718245214,2.26118482451816,0,0.414177387411613,0,NA,0.294174202707276,0.271714338908261,0.103067765567766,0.546511627906977,0,0.0849206349206349,9.25185853854297e-18,NA,0.111792054099746,0.0546296296296296,0.0844307791331763,2.26664203458703,0,0.0871296805539441,0,NA,0.129211493177145,0.0869131961725441,40,0.366279069767442,1.08464614017702
"54",0,0.686631622345908,0,0.0568181818181818,NA,NA,NA,0.0151515151515152,0,2.1287531594625,0,0.236096322790508,NA,NA,NA,0.128564869306645,9.25185853854297e-17,0.762389198103484,0.0156250000000001,0.0577651515151516,NA,NA,NA,0.0151515151515152,0,2.09080535442261,0.0443506138667168,0.0692515492455277,NA,NA,NA,0.034117573865491,136,NA,NA
"55",NA,NA,0.0728021978021978,0.725341991341991,NA,NA,NA,0,NA,NA,0.244154858354822,2.08395615623337,NA,NA,NA,0,NA,NA,0.0884271978021978,0.730341991341991,NA,NA,NA,0,NA,NA,0.0751041451206737,1.69478522898722,NA,NA,NA,0,172,NA,NA
"56",NA,0.813038548752834,0.0480769230769231,0.0546814296814297,NA,NA,NA,NA,NA,2.24370785593489,0.212410788792063,0.227631417740407,NA,NA,NA,NA,NA,0.943990929705215,0.0269230769230768,0.0644036519036518,NA,NA,NA,NA,NA,2.18047275261826,0.0393069479916818,0.068262126207789,NA,NA,NA,NA,5,NA,NA
"57",NA,0.722369878183832,0,0.0832528582528583,NA,NA,NA,0,NA,2.31138329773268,0,0.280087606231778,NA,NA,NA,0,NA,0.884053156146179,-1.11022302462516e-16,0.0878824878824878,NA,NA,NA,-1.11022302462516e-16,NA,2.28835230391661,0,0.114257770574101,NA,NA,NA,0,8,NA,NA
"58",NA,0.782857142857143,0.0681818181818182,0.170167795167795,NA,NA,NA,NA,NA,2.35964674752583,0.226133508433323,0.501010591332316,NA,NA,NA,NA,NA,1.01904761904762,0.00568181818181818,0.18961223961224,NA,NA,NA,NA,NA,2.26379988425797,0.0188444590361102,0.168250528763283,NA,NA,NA,NA,135,NA,NA
"59",NA,0.561129568106312,0.0659340659340659,0.0429292929292929,NA,NA,NA,NA,NA,2.03110248725075,0.348890282777748,0.207513519086044,NA,NA,NA,NA,NA,0.658803986710963,0.0164835164835164,0.0429292929292928,NA,NA,NA,NA,NA,1.98194004429671,0.0484569837191317,0.0433052835803553,NA,NA,NA,NA,183,NA,NA
"60",NA,0.536585365853659,0.0771520146520147,0.197757335257335,NA,NA,NA,NA,NA,2.14589795861324,0.25901281853894,0.599775339981541,NA,NA,NA,NA,NA,0.609756097560976,0.060782967032967,0.197757335257335,NA,NA,NA,NA,NA,2.15013234608734,0.0652410739560731,0.191541389242455,NA,NA,NA,NA,79,NA,NA
"61",0,NA,0.761111111111111,NA,0.447527472527473,NA,0.139393939393939,0.0724206349206349,0,NA,2.32935034202093,NA,0.481740619915139,NA,0.395103176072888,0.352279371132634,0.0275297619047619,NA,0.706944444444444,NA,0.462787906537907,NA,0.0325563325563326,0.10421626984127,0.078277819332225,NA,1.96161326140032,NA,0.0824893508062764,NA,0.0762268604029963,0.126989758522496,134,Inf,1.18258678258678
"62",0.0384615384615385,NA,0.125,0.705882352941177,0,0,0,0.346043771043771,0.188422287906398,NA,0.866025403784439,2.910427500436,0,0,0,1.05267182110845,0.0766559829059829,NA,0.125,0.764705882352941,0,0,0,0.33331228956229,0.0166386831652288,NA,0.218797487246842,2.90537028114976,0,0,0,0.258995754394269,146,0,0
"63",0.0454545454545454,0.6,0.2375,0.0833333333333333,0,0.125,0.137700760777684,0.0798280423280423,0.222680885707562,2.68328157299975,0.825813589804856,0.707106781186548,0,0.306186217847897,0.330682076682762,0.334574190415874,0.0454545454545454,0.65,0.2375,0.0833333333333333,0,0.0625,0.137700760777684,0.0798280423280423,0.0464321744050226,2.68082862288195,0.220693619660527,0.1876466562602,0,0,0.122581219750918,0.100082316483185,194,3.02941673710905,3.02941673710904
"64",0,NA,0.204969336219336,0.445614035087719,NA,NA,0.0779220779220779,0.0247252747252747,0,NA,0.51735907425753,1.94312617922021,NA,NA,0.258438295352369,0.14740709465272,0,NA,0.22267766955267,0.435087719298246,NA,NA,0.00649350649350649,0.0351419413919414,0,NA,0.137024786510243,1.58369571107052,NA,NA,0.0215365246126974,0.0478539633672916,221,Inf,Inf
"65",0.05,NA,0.332242063492063,0.36734693877551,0,NA,0.0804195804195804,0,0.244948974278318,NA,0.880378103343751,1.90059067080715,0,NA,0.284389353727716,0,0.05,NA,0.301281415343915,0.377551020408163,0.0416666666666667,NA,0.0611888111888112,0.0275848765432099,0.0510753918455249,NA,0.237561941299439,1.71248665519404,0.0435194139889245,NA,0.0596486143537369,0.0724315708893869,52,1.60839160839161,1.22377622377622
"66",NA,0.613953488372093,0.0416666666666667,0.122757335257335,NA,NA,NA,0.040133779264214,NA,2.21225820797156,0.201940936523459,0.419786024814978,NA,NA,NA,0.192474843744992,NA,0.672093023255814,0.038510101010101,0.134120971620972,NA,NA,NA,0.0178372352285396,NA,2.19364076381354,0.042334151064347,0.089349077421644,NA,NA,NA,0.0346259869877915,87,NA,NA
"67",NA,NA,NA,NA,0.346103896103896,0.566312475403384,1.5,NA,NA,NA,NA,NA,0.765737787970392,0.833611171273613,3.46410161513775,NA,NA,NA,NA,NA,0.638852813852814,0.371015348288076,1,NA,NA,NA,NA,NA,0.299128721078251,0.0937495190692713,2.96085573216033,NA,114,NA,NA
"68",0.0454545454545454,0.511627906976744,0.169047619047619,0.0416666666666667,0,NA,0.0384615384615385,0.0560185185185185,0.222680885707562,2.09730090743925,0.571058644190713,0.353553390593274,0,NA,0.196116135138184,0.271714338908261,0.149158249158249,0.558139534883721,0.101587301587302,0.0416666666666667,0.0238095238095238,NA,0.0192307692307692,0.0664241622574956,0.163758254636137,2.01445954288184,0.144022043274757,0.0938233281301002,0.038575837490523,NA,0.0358057437019716,0.118885547244268,117,0.846153846153846,0.128928633443306
"69",NA,0.542857142857143,0.0357142857142857,0.0446428571428571,NA,NA,NA,0.150577200577201,NA,2.06399362557425,0.247435829652697,0.266571360639714,NA,NA,NA,0.417471298922683,NA,0.628571428571429,0.0535714285714286,0.0307539682539683,NA,NA,NA,0.121294578437436,NA,2.04235067591034,0.0671192482582784,0.0580553265284796,NA,NA,NA,0.0831434006243404,131,NA,NA
"70",0,0.45,0.0902777777777778,0.158333333333333,NA,NA,NA,0.0574592074592075,0,2.09945047755176,0.470096732328844,0.681289167371289,NA,NA,NA,0.285830992877039,0,0.525,0.0902777777777778,0.158333333333333,NA,NA,NA,0.0574592074592075,0,2.09990842291167,0.103855919472393,0.179657995383351,NA,NA,NA,0.0793728096385148,178,NA,NA
"71",NA,0.714285714285714,NA,0.270556776556777,NA,NA,NA,NA,NA,2.34610351022121,NA,0.733085034247014,NA,NA,NA,NA,NA,0.785714285714286,NA,0.274842490842491,NA,NA,NA,NA,NA,2.19497771534664,NA,0.208025246083601,NA,NA,NA,NA,238,NA,NA
"72",0.43012543012543,NA,1,NA,NA,NA,NA,0.299074074074074,0.513782122758641,NA,3.46410161513775,NA,NA,NA,NA,1.14926624509031,0.173813223813224,NA,1.08333333333333,NA,NA,NA,NA,0.294907407407407,0.0846471575828327,NA,3.4498572653829,NA,NA,NA,NA,0.350392568674379,243,NA,NA
"73",0,NA,0.0277777777777778,0.582397959183673,NA,NA,NA,0.0457070707070707,0,NA,0.192450089729875,1.91146912594842,NA,NA,NA,0.221380585879833,1.85037170770859e-17,NA,0.0538194444444445,0.577933673469388,NA,NA,NA,0.0457070707070707,0,NA,0.0593160635078806,1.62627767134993,NA,NA,NA,0.0462828220108756,12,NA,NA
"74",NA,0.315789473684211,0.189880952380952,0.138888888888889,NA,NA,NA,0.122424242424242,NA,1.94665705356915,0.651808388802137,0.844294113955984,NA,NA,NA,0.389539752795866,NA,0.342105263157895,0.231547619047619,0.111111111111111,NA,NA,NA,0.0789199689199689,NA,1.94903046985007,0.239743283118735,0.197796943032309,NA,NA,NA,0.108440872746106,92,NA,NA
"75",0,0.474418604651163,0,0.0793650793650794,0,NA,0.123626373626374,0.0515873015873016,0,2.04754126922254,0,0.384291203605629,0,NA,0.437785565022324,0.308270174462428,-1.48029736616688e-16,0.630232558139535,0.0238095238095237,0.0634920634920633,-1.48029736616688e-16,NA,0.123626373626373,0.0515873015873014,0,2.03932001782584,0.0538031126539078,0.0803206502328096,0,NA,0.119407879799625,0.100698591436369,193,Inf,-835145535295352
"76",0.05,NA,0.195833333333333,0.5,NA,NA,0.127090301003344,0.0909391534391534,0.244948974278318,NA,0.78441151090465,2.44948974278318,NA,NA,0.451289882644856,0.382193785275888,0.104447751322751,NA,0.195833333333333,0.541666666666667,NA,NA,0.116387959866221,0.064456569664903,0.112022779344151,NA,0.233193980677275,2.44911992474789,NA,NA,0.0631336524060316,0.106338733096353,196,2.54180602006689,1.11431752615308
"77",0.166666666666667,NA,0,0.709677419354839,0.121212121212121,0.3,0.457692307692308,0,0.816496580927726,NA,0,2.45212218818852,0.392326590891,0.6,0.991230781169785,0,0.0694444444444444,NA,0,0.741935483870968,0.278914141414141,0.136111111111111,0.392628205128205,0,0.138283705666351,NA,0,2.12081339640375,0.216696611502322,0.05,0.180959279076152,0,202,2.74615384615385,5.65384615384615
"78",0.05,0.4,0.1125,0.138888888888889,NA,NA,0.109090909090909,0.0909391534391534,0.244948974278318,2.19089023002066,0.5487413063335,0.844294113955984,NA,NA,0.344975744745641,0.382193785275888,0.05,0.433333333333333,0.161111111111111,0.106481481481481,NA,NA,0.00909090909090909,0.0909391534391534,0.0510753918455249,2.1922014338187,0.163853323864756,0.196418550329597,NA,NA,0.0287479787288034,0.108916173428909,227,2.18181818181818,0.181818181818182
"79",NA,0.737108627806302,NA,0.0315258511979823,NA,NA,NA,NA,NA,2.3742873398062,NA,0.172792957466345,NA,NA,NA,NA,NA,0.841487969394946,NA,0.0283847300240741,NA,NA,NA,NA,NA,2.3591399923367,NA,0.0479216681503881,NA,NA,NA,NA,240,NA,NA
"80",0.505393217893218,NA,0,0.923076923076923,NA,NA,0,0.180555555555556,0.843304796976318,NA,0,3.32820117735137,NA,NA,0,0.908897937977,0.838726551226551,NA,0,1,NA,NA,0,0.0694444444444444,0.587544314601596,NA,0,3.3166247903554,NA,NA,0,0.228110562655464,245,0,0
"81",NA,0.633673469387755,NA,0.0848484848484849,NA,NA,NA,NA,NA,2.01871734661415,NA,0.317732156508127,NA,NA,NA,NA,NA,0.655498866213152,NA,0.101893939393939,NA,NA,NA,NA,NA,1.90409778913849,NA,0.0754942864307598,NA,NA,NA,NA,164,NA,NA
"82",0.0555555555555556,0.342857142857143,0.154166666666667,0.0555555555555556,0.0545454545454546,0.232323232323232,0,0.0446428571428571,0.272165526975909,2.02837021134844,0.612271089081318,0.471404520791032,0.255840859626733,0.461562006415994,0,0.266571360639714,0.0607638888888889,0.371428571428571,0.136805555555556,0.0555555555555556,0.00454545454545455,0.16986531986532,0,0.0544808201058201,0.0571645768691699,2.03044061120493,0.105798681060331,0.125097770840134,0.021320071635561,0.0588985039883364,0,0.0693992679057426,179,0,0
"83",NA,NA,0.13640873015873,0.944827586206897,NA,NA,NA,0.0394984326018809,NA,NA,0.462955374167873,2.56954501349065,NA,NA,NA,0.211078904607358,NA,NA,0.16765873015873,1.06551724137931,NA,NA,NA,0.0394984326018809,NA,NA,0.163569426550532,2.37131054714511,NA,NA,NA,0.0620689099652718,180,NA,NA
"84",0.254761904761905,NA,0,0.857142857142857,0.0545454545454546,0.333333333333333,0.108974358974359,0.180555555555556,0.695985020933708,NA,0,3.20713490294909,0.255840859626733,0.816496580927726,0.385695065771762,0.908897937977,0.093452380952381,NA,0,0.928571428571429,0.0545454545454546,0.0277777777777778,0.257875457875458,0.180555555555556,0.150203204566129,NA,0,3.19769834807393,0.0509647191437626,0.0680413817439772,0.137187386781029,0.196307860802446,197,0.427749820273185,2.7594316511514
"85",NA,0.623255813953488,NA,0.124961597542243,NA,NA,NA,NA,NA,2.19488986699543,NA,0.433029708492114,NA,NA,NA,NA,NA,0.70077519379845,NA,0.124961597542243,NA,NA,NA,NA,NA,2.07640420227417,NA,0.140225506090359,NA,NA,NA,NA,17,NA,NA
"86",NA,0.292682926829268,0.119047619047619,0.213888888888889,NA,NA,NA,0.056390977443609,NA,1.87408514266327,0.467189500969555,0.945456973578856,NA,NA,NA,0.299031734967583,NA,0.317073170731707,0.108333333333333,0.211111111111111,NA,NA,NA,0.068922305764411,NA,1.87668623363422,0.086646400872711,0.241701066031604,NA,NA,NA,0.0813738541104016,62,NA,NA
"87",0.181818181818182,0.315789473684211,0.0527777777777778,0.286309523809524,NA,NA,NA,0,0.445361771415123,1.94665705356915,0.256161272093822,0.993263997527411,NA,NA,NA,0,0.0151515151515152,0.342105263157895,0.0762152777777778,0.270684523809524,NA,NA,NA,0,0.0371134809512603,1.94903046985007,0.0682363143216175,0.286720188639114,NA,NA,NA,0,83,NA,NA
"88",NA,0.619512195121951,0.0625,0.0515873015873016,NA,NA,NA,0,NA,2.3400020846353,0.302911404785188,0.308270174462428,NA,NA,NA,0,NA,0.792276422764227,0.0624999999999998,0.0515873015873014,NA,NA,NA,-1.48029736616688e-16,NA,2.32898731438561,0.0729324957489473,0.078205252049037,NA,NA,NA,0,99,NA,NA
"89",NA,0.620044296788483,NA,0,NA,NA,NA,NA,NA,2.16317292216262,NA,0,NA,NA,NA,NA,NA,0.766648209671466,NA,1.85037170770859e-17,NA,NA,NA,NA,NA,2.1569740946866,NA,0,NA,NA,NA,NA,165,NA,NA
"90",0.1,0.307692307692308,0,0,0.320265151515152,NA,0.142857142857143,0.180555555555556,0.489897948556636,1.92153784566105,0,0,0.578316184914187,NA,0.506287004190553,0.908897937977,0.0583333333333333,0.333333333333333,0,0,0.356847492784993,NA,0.0695970695970696,0.180555555555556,0.0928611242975073,1.92399438303882,0,0,0.0625410878726066,NA,0.100638117527402,0.249019988387656,207,1.42857142857143,1.19309262166405
"91",0.0555555555555556,0.857142857142857,0.195833333333333,0,NA,NA,0,0.0724206349206349,0.272165526975909,2.86854866240254,0.78441151090465,0,NA,NA,0,0.352279371132634,0.0509259259259259,0.69047619047619,0.170833333333333,0.0625,NA,NA,0.0138888888888889,0.0890873015873016,0.0565530419671168,2.60516885477789,0.292549322991831,0.166519888420082,NA,NA,0.0392837100659193,0.103979495537914,33,0,0.272727272727273
"92",0.121212121212121,NA,0.0833333333333333,0.483870967741935,NA,NA,NA,0.0446428571428571,0.402015126103685,NA,0.577350269189626,1.97311383670227,NA,NA,NA,0.266571360639714,0.0101010101010101,NA,0.0833333333333333,0.5,NA,NA,NA,0.0446428571428571,0.0335012605086404,NA,0.145864991497895,1.52573551196104,NA,NA,NA,0.0979911036549541,51,NA,NA
"93",NA,0.439024390243902,0.05,0.180555555555556,NA,NA,NA,0.148394241417497,NA,2.07423215296414,0.346410161513776,0.908897937977,NA,NA,NA,0.558548075971949,NA,0.402439024390244,0.065625,0.204861111111111,NA,NA,NA,0.0815799187892211,NA,1.87156188848753,0.127227493516075,0.259761499795895,NA,NA,NA,0.112776707036887,61,NA,NA
"94",0.0555555555555556,NA,0.5,NA,0,NA,0,0.286309523809524,0.272165526975909,NA,2.44948974278318,NA,0,NA,0,0.993263997527411,0.0555555555555556,NA,0.541666666666667,NA,0,NA,0,0.286309523809524,0.0567504353839166,NA,2.44911992474789,NA,0,NA,0,0.334388301340798,173,0,0
"95",0.117647058823529,NA,0.125,0.2,NA,NA,NA,0.158333333333333,0.485071250072666,NA,0.866025403784439,1.54919333848297,NA,NA,NA,0.681289167371289,0.117647058823529,NA,0.125,0.216666666666667,NA,NA,NA,0.158333333333333,0.0782780363856437,NA,0.218797487246842,1.55238107616967,NA,NA,NA,0.158854467309036,176,NA,NA
"96",0,NA,0.445833333333333,1.09090909090909,0,NA,0.142857142857143,0.0277777777777778,0,NA,1.4083275630416,3.61813613493316,0,NA,0.506287004190553,0.235702260395516,0,NA,0.466666666666667,1.09090909090909,0.00892857142857143,NA,0.137362637362637,0.0277777777777778,0,NA,0.330806021882122,3.61813613493316,0.0357142857142857,NA,0.0518622334760067,0.0625488854200668,182,Inf,Inf
"97",NA,0.590697674418605,NA,0.0948930296756384,NA,NA,NA,NA,NA,2.22409039229293,NA,0.39004580951532,NA,NA,NA,NA,NA,0.724418604651163,NA,0.0948930296756384,NA,NA,NA,NA,NA,2.18691197338351,NA,0.0800195908854061,NA,NA,NA,NA,184,NA,NA
"98",NA,0.730429732868757,NA,0,NA,NA,NA,NA,NA,2.34441848817022,NA,0,NA,NA,NA,NA,NA,0.884494773519164,NA,-5.55111512312578e-17,NA,NA,NA,NA,NA,2.30743672809102,NA,0,NA,NA,NA,NA,191,NA,NA
"99",NA,0.473684210526316,0.036036036036036,0.199007936507937,NA,NA,NA,NA,NA,2.15277121347852,0.219198649740476,0.768330938524867,NA,NA,NA,NA,NA,0.5,0.0529279279279279,0.190327380952381,NA,NA,NA,NA,NA,1.94171838078293,0.0583625218932451,0.166082493699725,NA,NA,NA,NA,199,NA,NA
"100",0,0.578947368421053,0,0.141865079365079,NA,NA,1.71428571428571,0.0277777777777778,0,2.22554674663988,0,0.636227050630018,NA,NA,NA,0.235702260395516,0.0208333333333333,0.754385964912281,0.0234375,0.126240079365079,NA,NA,0.142857142857143,0.0208333333333333,0.0563053270576813,2.21438677107903,0.0493053474506979,0.1314959509136,NA,NA,NA,0.0555066294733607,203,Inf,6.85714285714286
"101",0,NA,0,0.266666666666667,0.482467532467532,0.253333333333333,0.384615384615385,0,0,NA,0,1.78885438199983,0.946867700134735,0.534997403939704,1.38785944755002,0,0,NA,0,0.288888888888889,0.707034632034632,0.160396825396825,0.179487179487179,0,0,NA,0,1.79167547566545,0.283013717928195,0.0901120491715491,0.286445949615773,0,205,Inf,Inf
"102",0,NA,0.846153846153846,NA,0.0714285714285714,NA,0,0.186507936507937,0,NA,2.66371631661193,NA,0.327326835353989,NA,0,0.725520851012391,0.00595238095238095,NA,0.551282051282051,NA,0.00595238095238095,NA,0,0.30489417989418,0.0291605921759902,NA,2.34983178157701,NA,0.027277236279499,NA,0,0.398767881523916,208,NA,0
"103",NA,0.666666666666667,0,0.304828042328042,NA,NA,NA,0,NA,2.82842712474619,0,1.00025562605959,NA,NA,NA,0,NA,0.722222222222222,0.0231481481481481,0.28939594356261,NA,NA,NA,0,NA,2.8243803184073,0.0456015643428953,0.286106705868183,NA,NA,NA,0,236,NA,NA
"104",NA,0.611111111111111,0.1125,0.0555555555555556,NA,NA,NA,0.140926640926641,NA,2.28382858723526,0.5487413063335,0.471404520791032,NA,NA,NA,0.484594439243845,NA,0.421296296296296,0.168055555555556,0.113425925925926,NA,NA,NA,0.130791505791506,NA,2.00177941124577,0.200879665157816,0.279484195270531,NA,NA,NA,0.0739055539757296,2,NA,NA
"105",0.0952380952380952,NA,0.0773809523809524,0.385915492957746,NA,NA,NA,0.0208333333333333,0.356348322549899,NA,0.376189193693067,1.69109396331385,NA,NA,NA,0.176776695296637,0.00793650793650794,NA,0.0857142857142857,0.394366197183099,NA,NA,NA,0.0208333333333333,0.0296956935458249,NA,0.116592723088303,1.42899105171749,NA,NA,NA,0.0469116640650501,23,NA,NA
"106",0,NA,0.571428571428571,NA,NA,NA,0.0666666666666667,0.27797619047619,0,NA,2.61861468283191,NA,NA,NA,0.298142396999972,1.05259759583804,0,NA,0.619047619047619,NA,NA,NA,0.00555555555555555,0.27797619047619,0,NA,2.6167955685569,NA,NA,NA,0.0248451997499977,0.347422206150434,24,Inf,Inf
"107",NA,0.75,0,0.0833333333333333,NA,NA,NA,0.168979591836735,NA,3,0,0.707106781186548,NA,NA,NA,0.864067855534612,NA,0.8125,0,0.0833333333333333,NA,NA,NA,0.0553061224489796,NA,2.99374347598454,0,0.1876466562602,NA,NA,NA,0.207089968668613,46,NA,NA
"108",NA,0.652380952380952,0.0916666666666667,0,NA,NA,NA,0.137142857142857,NA,2.16898741073364,0.446181593282822,0,NA,NA,NA,0.474664220738176,NA,0.809126984126984,0.0638888888888889,0,NA,NA,NA,0.127619047619048,NA,2.1267658130575,0.0916962127324353,0,NA,NA,NA,0.0855377370495713,47,NA,NA
"109",0.0714285714285714,NA,0.0625,0.423076923076923,NA,NA,0.136363636363636,0.0611111111111111,0.349927106111883,NA,0.433012701892219,1.91327820354566,NA,NA,0.452267016866645,0.365619503422964,0.0813492063492063,NA,0.149305555555556,0.362179487179487,NA,NA,0.209415584415584,0.037962962962963,0.083345656192304,NA,0.187491791257138,1.6649406598146,NA,NA,0.0673339364521688,0.0779842999237839,55,1.90909090909091,2.57427937915743
"110",NA,0.3,0.0625,0.138888888888889,NA,NA,NA,0.126904761904762,NA,1.89736659610103,0.433012701892219,0.844294113955984,NA,NA,NA,0.48681751696402,NA,0.325,0.0729166666666667,0.125,NA,NA,NA,0.0956547619047619,NA,1.89989878272907,0.12231151369752,0.201228620594782,NA,NA,NA,0.107044799761602,64,NA,NA
"111",NA,NA,0.108630952380952,0.380555555555556,NA,NA,NA,0.0833333333333333,NA,NA,0.428315420834922,1.67975844079002,NA,NA,NA,0.353553390593274,NA,NA,0.108630952380952,0.394444444444444,NA,NA,NA,0.00694444444444444,NA,NA,0.132909411665858,1.40602882541681,NA,NA,NA,0.0294627825494395,65,NA,NA
"112",1.2,0.536585365853659,0,0.126587301587302,NA,NA,NA,0.0277777777777778,1.69705627484771,2.14589795861324,0,0.537927984547816,NA,NA,NA,0.235702260395516,0.1,0.597560975609756,0,0.126587301587302,NA,NA,NA,0.0277777777777778,0.14142135623731,2.06019673068027,0,0.138120097672223,NA,NA,NA,0.0625488854200668,81,NA,NA
"113",NA,0.315789473684211,0.1036866359447,0.233333333333333,NA,NA,NA,NA,NA,1.94665705356915,0.402305731068826,1.02860496256536,NA,NA,NA,NA,NA,0.342105263157895,0.294009216589862,0.151388888888889,NA,NA,NA,NA,NA,1.94903046985007,0.29009301487943,0.264305124331792,NA,NA,NA,NA,89,NA,NA
"114",NA,0.544186046511628,0.0824175824175824,0.0277777777777778,NA,NA,NA,NA,NA,1.98821555859009,0.359965709347625,0.235702260395516,NA,NA,NA,NA,NA,0.594573643410853,0.0215201465201465,0.0300925925925926,NA,NA,NA,NA,NA,1.88443120455102,0.0596742363735504,0.0645581399529553,NA,NA,NA,NA,129,NA,NA
"115",NA,0.594594594594595,0.0476190476190476,0.147420634920635,NA,NA,NA,NA,NA,2.25412534724249,0.251976315339485,0.56148709454241,NA,NA,NA,NA,NA,0.720720720720721,0.00396825396825397,0.147420634920635,NA,NA,NA,NA,NA,2.2453841727902,0.0209980262782904,0.174881961952618,NA,NA,NA,NA,143,NA,NA
"116",NA,4,0,0.286309523809524,NA,NA,NA,NA,NA,6.92820323027551,0,0.993263997527411,NA,NA,NA,NA,NA,4,0.0494505494505494,0.291269841269841,NA,NA,NA,NA,NA,6.92820323027551,0.0850650780515991,0.255645902327732,NA,NA,NA,NA,160,NA,NA
"117",NA,0.740816326530612,NA,0.0223880597014925,NA,NA,NA,NA,NA,2.17888315911864,NA,0.183254166534458,NA,NA,NA,NA,NA,0.901530612244898,NA,0.0223880597014924,NA,NA,NA,NA,NA,2.10800374294603,NA,0.048291713080391,NA,NA,NA,NA,181,NA,NA
"118",0,NA,0.0416666666666667,0.441935483870968,0.0779220779220779,NA,0.0769230769230769,0,0,NA,0.288675134594813,1.80459780606956,0.365486942323904,NA,0.392232270276368,0,0,NA,0.0583333333333333,0.517741935483871,0.0649350649350649,NA,0.0769230769230769,0,0,NA,0.0837930581596392,1.66956270511174,0.0728067416339465,NA,0.0847318545736323,0,195,Inf,Inf
"119",NA,NA,0.972727272727273,NA,NA,NA,NA,0.163690476190476,NA,NA,2.70751719304778,NA,NA,NA,NA,0.503698383705741,NA,NA,1.18712121212121,NA,NA,NA,NA,0.135009920634921,NA,NA,2.61850320656841,NA,NA,NA,NA,0.0845051287920352,233,NA,NA
"120",0,NA,0.0833333333333333,0.391304347826087,0.0779220779220779,0.166666666666667,0,0.122619047619048,0,NA,0.577350269189626,1.96047908962824,0.365486942323904,0.5,0,0.598502250580072,0,NA,0.0833333333333333,0.434782608695652,0.0454545454545454,0.0932539682539683,0,0.122619047619048,0,NA,0.145864991497895,1.96527831122712,0.0681044706603994,0.0701775364437595,0,0.183248606376707,241,NA,NA
"121",NA,0.536585365853659,0.0625,0.0416666666666667,NA,NA,NA,0.244571428571429,NA,2.14589795861324,0.433012701892219,0.353553390593274,NA,NA,NA,0.683233608120463,NA,0.686991869918699,0.0625,0.0416666666666667,NA,NA,NA,0.0883809523809524,NA,2.13476355766967,0.109398743623421,0.0938233281301002,NA,NA,NA,0.156480566846026,30,NA,NA
"122",NA,0.529411764705882,0.05,0.166666666666667,NA,NA,NA,0.0317460317460317,NA,2.27283422208253,0.346410161513776,0.992932773634624,NA,NA,NA,0.251976315339485,NA,0.617647058823529,0.08125,0.145833333333333,NA,NA,NA,0.00264550264550265,NA,2.26989127869867,0.139385047581732,0.228859696240689,NA,NA,NA,0.0209980262782904,36,NA,NA
"123",0,0.444444444444444,0.260714285714286,0.0833333333333333,0.115384615384615,NA,0,0,0,2.3094010767585,0.953338171441397,0.707106781186548,0.416025147168922,NA,0,0,0,0.481481481481481,0.260714285714286,0.0833333333333333,0.00961538461538462,NA,0,0,0,2.31001782161574,0.232486107388845,0.1876466562602,0.0346687622640768,NA,0,0,50,NA,NA
"124",0,NA,3,NA,0,NA,0,0.26547619047619,0,NA,6,NA,0,NA,0,0.983128004182096,0.00595238095238095,NA,3,NA,0,NA,0,0.339880952380952,0.0291605921759902,NA,6,NA,0,NA,0,0.736300987633556,70,NA,0
"125",NA,0.418604651162791,0.0773809523809524,0.130555555555556,NA,NA,NA,0,NA,2.02640378314856,0.376189193693067,0.644945436907976,NA,NA,NA,0,NA,0.441860465116279,0.114880952380952,0.105555555555556,NA,NA,NA,0,NA,1.82316216113124,0.0805228787310263,0.202140346974087,NA,NA,NA,0,82,NA,NA
"126",0,0.333333333333333,0,0,0.427272727272727,0.555555555555556,0.230769230769231,0,0,2,0,0,1.12849744949047,1.13038833052088,1.1766968108291,0,0,0.361111111111111,0,0,0.384090909090909,0.625925925925926,0.0961538461538462,0,0,2.00218135011046,0,0,0.125723017209567,0.105774626470332,0.200959238117125,0,96,Inf,Inf
"127",0.5,NA,0.125,0.461538461538462,NA,NA,NA,0.130555555555556,1,NA,0.866025403784439,2.35339362165821,NA,NA,NA,0.644945436907976,0.0416666666666667,NA,0.0625,0.5,NA,NA,NA,0.172222222222222,0.0833333333333333,NA,0.167109341195798,2.35372045918796,NA,NA,NA,0.230159501066418,100,NA,NA
"128",0,NA,NA,NA,NA,NA,0.75,0.450931677018634,0,NA,NA,NA,NA,NA,1.06066017177982,1.73064234281168,0,NA,NA,NA,NA,NA,0.0625,0.549965493443754,0,NA,NA,NA,NA,NA,0.0883883476483184,1.65516099074613,106,Inf,Inf
"129",0,0.285714285714286,0,0,NA,NA,0.9625,0,0,1.8516401995451,0,0,NA,NA,1.86077940659284,0,0,0.30952380952381,0,0,NA,NA,0.569791666666667,0,0,1.854304093225,0,0,NA,NA,0.543964144719797,0,111,Inf,Inf
"130",NA,NA,1.44571428571429,NA,NA,NA,NA,NA,NA,NA,3.21981512702235,NA,NA,NA,NA,NA,NA,NA,1.93666666666667,NA,NA,NA,NA,NA,NA,NA,3.06189836955643,NA,NA,NA,NA,NA,119,NA,NA
"131",NA,0.536585365853659,0,0.126587301587302,NA,NA,NA,NA,NA,2.14589795861324,0,0.537927984547816,NA,NA,NA,NA,NA,0.597560975609756,0.0642857142857143,0.108730158730159,NA,NA,NA,NA,NA,2.05817327642071,0.0729168265048629,0.104366365060395,NA,NA,NA,NA,124,NA,NA
"132",NA,NA,0.0833333333333333,1.28571428571429,NA,NA,NA,0.158956916099773,NA,NA,0.577350269189626,3.47360534113104,NA,NA,NA,0.702953854495663,NA,NA,0.166666666666667,1.46428571428571,NA,NA,NA,0.137131519274376,NA,NA,0.206284249251759,3.42762693034501,NA,NA,NA,0.207227133078539,130,NA,NA
"133",0.333333333333333,NA,0,0.8,NA,NA,NA,0.241666666666667,1,NA,0,3.09838667696593,NA,NA,NA,0.96819128595396,0.194444444444444,NA,0,0.866666666666667,NA,NA,NA,0.218518518518519,0.0833333333333333,NA,0,3.09069263311332,NA,NA,NA,0.443749456615908,138,NA,NA
"134",NA,0.363636363636364,0.236363636363636,0.138888888888889,NA,NA,NA,NA,NA,2.08893187146837,0.767081727276405,0.844294113955984,NA,NA,NA,NA,NA,0.393939393939394,0.154924242424242,0.134259259259259,NA,NA,NA,NA,NA,2.09074439404058,0.182771498007509,0.224895887734623,NA,NA,NA,NA,147,NA,NA
"135",0.1,0.452380952380952,0,0.0333333333333333,NA,NA,0.26530612244898,0,0.489897948556636,1.9779563357086,0,0.282842712474619,NA,NA,0.676720188151834,0,0.075,0.507936507936508,0,0.0333333333333333,NA,NA,0.0887755102040816,0,0.0989070710093681,1.93297318658172,0,0.0750586625040802,NA,NA,0.111294919107802,0,152,2.6530612244898,1.18367346938776
"136",0.171428571428571,NA,0.375,NA,NA,NA,NA,0.255555555555556,0.542104741743151,NA,2.12132034355964,NA,NA,NA,NA,1.1199709363544,0.280952380952381,NA,0.40625,NA,NA,NA,NA,0.218518518518519,0.115448232037893,NA,2.1229829136413,NA,NA,NA,NA,0.275436139504022,161,NA,NA
"137",NA,0.511627906976744,0.0773809523809524,0.075,NA,NA,NA,0.0714285714285714,NA,2.09730090743925,0.376189193693067,0.449647749456782,NA,NA,NA,0.327326835353989,NA,0.472868217054264,0.0625,0.112037037037037,NA,NA,NA,0.0399659863945578,NA,1.82462949510005,0.0783731494661544,0.172599163446397,NA,NA,NA,0.0648548128083957,231,NA,NA
"138",NA,1.21309523809524,NA,NA,NA,NA,NA,NA,NA,2.90711551459563,NA,NA,NA,NA,NA,NA,NA,1.25734126984127,NA,NA,NA,NA,NA,NA,NA,2.83881447983575,NA,NA,NA,NA,NA,NA,3,NA,NA
"139",NA,NA,0.2375,0.6,NA,NA,NA,0.100840336134454,NA,NA,0.825813589804856,2.41546739961869,NA,NA,NA,0.415775357205142,NA,NA,0.265277777777778,0.583333333333333,NA,NA,NA,0.0182072829131653,NA,NA,0.297623235363986,2.17383870437613,NA,NA,NA,0.0515693425609654,10,NA,NA
"140",0.125,NA,NA,NA,0.928571428571429,NA,0.0923076923076923,0.392857142857143,0.612372435695794,NA,NA,NA,1.07854777646725,NA,0.470678724331642,1.84566885071334,0.125,NA,NA,NA,0.119047619047619,NA,0.0923076923076923,0.410714285714286,0.127688479613812,NA,NA,NA,0.149324505731959,NA,0.101678225488359,1.61556953891342,37,0.738461538461539,0.738461538461539
"141",NA,0.428571428571429,0.156776556776557,0.0972222222222222,NA,NA,NA,NA,NA,2.04990014203973,0.555835048628123,0.585258392969696,NA,NA,NA,NA,NA,0.535714285714286,0.116483516483516,0.0972222222222222,NA,NA,NA,NA,NA,2.04639140196465,0.159871674557658,0.140561137907417,NA,NA,NA,NA,39,NA,NA
"142",NA,0.428571428571429,0.115789473684211,0.0972222222222222,NA,NA,NA,NA,NA,2.04990014203973,0.500014224548729,0.585258392969696,NA,NA,NA,NA,NA,0.476190476190476,0.11359649122807,0.0729166666666667,NA,NA,NA,NA,NA,2.05400376704354,0.110883380501497,0.133375506827889,NA,NA,NA,NA,59,NA,NA
"143",0,0.428571428571429,0.0916666666666667,0.180555555555556,NA,NA,NA,0,0,2.26778683805536,0.446181593282822,0.908897937977,NA,NA,NA,0,0,0.464285714285714,0.138541666666667,0.149305555555556,NA,NA,NA,0,0,2.26866158710932,0.163377337030933,0.288653957531762,NA,NA,NA,0,77,NA,NA
"144",NA,0.45,0.0916666666666667,0.0972222222222222,NA,NA,NA,0,NA,2.09945047755176,0.446181593282822,0.585258392969696,NA,NA,NA,0,NA,0.3375,0.0916666666666667,0.173611111111111,NA,NA,NA,0,NA,1.89935042877349,0.0933991662453105,0.193674419858866,NA,NA,NA,0,86,NA,NA
"145",0,NA,0.0833333333333333,0.382978723404255,NA,NA,NA,0.0944444444444445,0,NA,0.577350269189626,1.93989232656555,NA,NA,NA,0.609753792125112,0,NA,0.0833333333333333,0.404255319148936,NA,NA,NA,0.0944444444444445,0,NA,0.145864991497895,1.74654409655785,NA,NA,NA,0.150637663916755,103,NA,NA
"146",NA,NA,0.226455026455026,1.78571428571429,NA,NA,NA,NA,NA,NA,0.659666721709995,3.51214533229547,NA,NA,NA,NA,NA,NA,0.371957671957672,2.08928571428571,NA,NA,NA,NA,NA,NA,0.306012296789497,3.40334555827218,NA,NA,NA,NA,104,NA,NA
"147",0,NA,0.145833333333333,2,0,NA,0,0.0611111111111111,0,NA,0.714279381937483,4.24264068711928,0,NA,0,0.365619503422964,0,NA,0.288194444444444,2,0,NA,0,0.075,0,NA,0.658405897188894,4.24264068711928,0,NA,0,0.0962927851372239,116,NA,NA
"148",NA,0.473684210526316,0,0.172222222222222,NA,NA,NA,NA,NA,2.15277121347852,0,0.727957246504665,NA,NA,NA,NA,NA,0.539473684210526,0.0689655172413793,0.144444444444444,NA,NA,NA,NA,NA,2.15413360945807,0.0967450562629949,0.220257354098402,NA,NA,NA,NA,121,NA,NA
"149",NA,NA,0.478260869565217,NA,NA,NA,NA,0.194736842105263,NA,NA,2.03020667185259,NA,NA,NA,NA,0.684163473598214,NA,NA,0.514492753623188,NA,NA,NA,NA,0.194736842105263,NA,NA,1.95341615516381,NA,NA,NA,NA,0.13535102085398,126,NA,NA
"150",NA,0.657142857142857,0,0.0611111111111111,NA,NA,NA,0,NA,2.43676324784547,0,0.365619503422964,NA,NA,NA,0,NA,0.752380952380952,0,0.0611111111111111,NA,NA,NA,0,NA,2.43640399477802,0,0.0875684395880935,NA,NA,NA,0,149,NA,NA
"151",0,NA,NA,0.571428571428571,NA,NA,0.666666666666667,0.0555555555555556,0,NA,NA,2.61861468283191,NA,NA,2,0.471404520791032,0,NA,NA,0.619047619047619,NA,NA,0.0555555555555556,0.0694444444444444,0,NA,NA,2.6167955685569,NA,NA,0.166666666666667,0.136322135288588,150,Inf,Inf
"152",0.125,NA,0.307692307692308,NA,NA,NA,0.216,0.194444444444444,0.612372435695794,NA,1.92153784566105,NA,NA,NA,0.752595508889071,0.958856256596249,0.125,NA,0.333333333333333,NA,NA,NA,0.058,0.194444444444444,0.127688479613812,NA,1.92399438303882,NA,NA,NA,0.123895116933639,0.225523213605173,185,1.728,0.464
"153",NA,NA,0,1,NA,NA,NA,0.245070422535211,NA,NA,0,3.46410161513775,NA,NA,NA,0.974648468847595,NA,NA,0,1.08333333333333,NA,NA,NA,0.245070422535211,NA,NA,0,3.4498572653829,NA,NA,NA,0.296385559249643,186,NA,NA
"154",NA,0.637209302325581,NA,0.17687074829932,NA,NA,NA,NA,NA,2.1453186305484,NA,0.560438534387175,NA,NA,NA,NA,NA,0.80968992248062,NA,0.102040816326531,NA,NA,NA,NA,NA,2.1156954169563,NA,0.0821835155217759,NA,NA,NA,NA,212,NA,NA
"155",NA,NA,0.0416666666666667,0.324242424242424,NA,NA,NA,0.171428571428571,NA,NA,0.288675134594813,1.60681822303109,NA,NA,NA,0.542104741743151,NA,NA,0.0208333333333333,0.339393939393939,NA,NA,NA,0.114285714285714,NA,NA,0.0557031137319327,1.46844192201179,NA,NA,NA,0.0792061901579343,216,NA,NA
"156",0.183333333333333,NA,NA,NA,NA,NA,0,0.462962962962963,0.623919355621254,NA,NA,NA,NA,NA,NA,1.91037843690387,0.1625,NA,NA,NA,NA,NA,0.166666666666667,0.518518518518518,0.125614431922635,NA,NA,NA,NA,NA,NA,1.87535228463201,220,0,1.02564102564103
"157",NA,0.6,0.0779220779220779,0.0611111111111111,NA,NA,NA,NA,NA,2.27359424023522,0.365486942323904,0.365619503422964,NA,NA,NA,NA,NA,0.6375,0.00649350649350649,0.0958333333333333,NA,NA,NA,NA,NA,2.08162750676558,0.0304572451936586,0.159315584294384,NA,NA,NA,NA,223,NA,NA
"158",NA,NA,0.88,NA,NA,NA,NA,0.134033613445378,NA,NA,2.71293199325011,NA,NA,NA,NA,0.55283738752363,NA,NA,0.9,NA,NA,NA,NA,0.142787114845938,NA,NA,2.60874597374975,NA,NA,NA,NA,0.128485829640828,230,NA,NA
"159",0,NA,0.154166666666667,0.536585365853659,NA,NA,NA,0,0,NA,0.612271089081318,2.14589795861324,NA,NA,NA,0,0,NA,0.140277777777778,0.560975609756098,NA,NA,NA,0.00925925925925926,0,NA,0.138969243894543,1.87148043655023,NA,NA,NA,0.0384448153256283,239,NA,NA
"160",NA,0.560975609756098,0.0489795918367347,0.0611111111111111,NA,NA,NA,NA,NA,2.25885790265573,0.289767173049777,0.365619503422964,NA,NA,NA,NA,NA,0.731707317073171,0.00408163265306122,0.0611111111111111,NA,NA,NA,NA,NA,2.21245779896366,0.0241472644208148,0.119335667614277,NA,NA,NA,NA,242,NA,NA
"161",0,0.363636363636364,0.0916666666666667,0.180555555555556,NA,NA,0,0,0,2.08893187146837,0.446181593282822,0.908897937977,NA,NA,0,0,0,0.393939393939394,0.1125,0.166666666666667,NA,NA,0,0,0,2.09074439404058,0.15222929700044,0.302571141675223,NA,NA,0,0,244,NA,NA
"162",NA,0.632432432432432,NA,NA,NA,NA,NA,NA,NA,2.13412147603516,NA,NA,NA,NA,NA,NA,NA,0.627927927927928,NA,NA,NA,NA,NA,NA,NA,2.03936587689569,NA,NA,NA,NA,NA,NA,1,NA,NA
"163",NA,0.285714285714286,0.114893617021277,0.138888888888889,NA,NA,NA,NA,NA,1.8516401995451,0.554420466481915,0.844294113955984,NA,NA,NA,NA,NA,0.30952380952381,0.136170212765957,0.125,NA,NA,NA,NA,NA,1.854304093225,0.122638029745299,0.201228620594782,NA,NA,NA,NA,4,NA,NA
"164",NA,0.581395348837209,NA,0.184615384615385,NA,NA,NA,NA,NA,2.12952664245607,NA,0.665640235470275,NA,NA,NA,NA,NA,0.656976744186047,NA,0.0346153846153846,NA,NA,NA,NA,NA,1.99828045311151,NA,0.0851092811836038,NA,NA,NA,NA,7,NA,NA
"165",NA,0.285714285714286,NA,0.162790697674419,NA,NA,NA,NA,NA,1.8516401995451,NA,0.753728274839387,NA,NA,NA,NA,NA,0.30952380952381,NA,0.0775193798449612,NA,NA,NA,NA,NA,1.854304093225,NA,0.119792795146112,NA,NA,NA,NA,18,NA,NA
"166",NA,NA,0.1125,3.2,NA,NA,NA,0.0833333333333333,NA,NA,0.5487413063335,5.21536192416212,NA,NA,NA,0.408248290463863,NA,NA,0.147222222222222,3.2,NA,NA,NA,0.00694444444444444,NA,NA,0.241677875341273,5.21536192416212,NA,NA,NA,0.0340206908719886,25,NA,NA
"167",NA,NA,1.28571428571429,NA,NA,NA,NA,0.265116279069767,NA,NA,3.47360534113104,NA,NA,NA,NA,0.869286439977458,NA,NA,1.46428571428571,NA,NA,NA,NA,0.234108527131783,NA,NA,3.42762693034501,NA,NA,NA,NA,0.142351448996408,27,NA,NA
"168",NA,0.581395348837209,NA,0.0413793103448276,NA,NA,NA,NA,NA,2.12952664245607,NA,0.315135438863334,NA,NA,NA,NA,NA,0.678294573643411,NA,0.0413793103448276,NA,NA,NA,NA,NA,2.08322074262021,NA,0.0817237167547939,NA,NA,NA,NA,60,NA,NA
"169",NA,1.22222222222222,0.0571428571428571,0.075,NA,NA,NA,NA,NA,3.15399943219726,0.338061701891407,0.449647749456782,NA,NA,NA,NA,NA,1.5462962962963,0.00476190476190476,0.0935185185185185,NA,NA,NA,NA,NA,3.06135812675468,0.0281718084909506,0.152202287855496,NA,NA,NA,NA,68,NA,NA
"170",0.2,NA,NA,NA,NA,NA,0,0.758620689655172,0.979795897113271,NA,NA,NA,NA,NA,NA,2.53060089439238,0.166666666666667,NA,NA,NA,NA,NA,0.4,0.948275862068966,0.201444062074134,NA,NA,NA,NA,NA,NA,2.40415622605468,76,0,2.4
"171",NA,0.461538461538462,0,0.130555555555556,NA,NA,NA,0.0307692307692308,NA,2.12561017674497,0,0.644945436907976,NA,NA,NA,0.248069469178417,NA,0.58974358974359,0.00416666666666667,0.127777777777778,NA,NA,NA,0.00256410256410256,NA,2.11781849923017,0.0288675134594813,0.185676448019082,NA,NA,NA,0.0206724557648681,78,NA,NA
"172",0,NA,0,0.176470588235294,NA,NA,0.218181818181818,0.166666666666667,0,NA,0,1.455213750218,NA,NA,0.723627226986633,0.992932773634624,0,NA,0,0.191176470588235,NA,NA,0.0363636363636364,0.166666666666667,0,NA,0,1.45845300315889,NA,NA,0.0809039834955891,0.237356331638771,107,Inf,Inf
"173",NA,0.315789473684211,1.46666666666667,0.180555555555556,NA,NA,NA,NA,NA,1.94665705356915,1.28582010146573,0.908897937977,NA,NA,NA,NA,NA,0.342105263157895,0.255555555555556,0.180555555555556,NA,NA,NA,NA,NA,1.94903046985007,0.0962250448649376,0.267208955647244,NA,NA,NA,NA,123,NA,NA
"174",0.1,NA,0.125,0.8,0,NA,0,0.0972222222222222,0.489897948556636,NA,0.866025403784439,3.09838667696593,0,NA,0,0.585258392969696,0.0833333333333333,NA,0.125,0.866666666666667,0,NA,0.0153846153846154,0.0972222222222222,0.100722031037067,NA,0.218797487246842,3.09069263311332,0,NA,0.0543492976389406,0.156372213550167,125,0,0.184615384615385
"175",NA,0.694444444444444,0.0952380952380952,0,NA,NA,NA,NA,NA,2.31540733157497,0.617213399848368,0,NA,NA,NA,NA,NA,0.847222222222222,0.0952380952380952,0,NA,NA,NA,NA,NA,2.17995012320983,0.152409985619738,0,NA,NA,NA,NA,128,NA,NA
"176",NA,1.33333333333333,0,NA,NA,NA,NA,NA,NA,4,0,NA,NA,NA,NA,NA,NA,1.33333333333333,0.0583333333333333,NA,NA,NA,NA,NA,NA,4,0.107545766788019,NA,NA,NA,NA,NA,133,NA,NA
"177",0.153846153846154,NA,NA,NA,NA,NA,NA,0.537254901960784,0.554700196225229,NA,NA,NA,NA,NA,NA,1.98009704654229,0.0128205128205128,NA,NA,NA,NA,NA,NA,0.602614379084967,0.0462250163521024,NA,NA,NA,NA,NA,NA,1.91391794944593,140,NA,NA
"178",NA,NA,NA,NA,0.282352941176471,NA,0.846153846153846,NA,NA,NA,NA,NA,1.1641710001744,NA,2.66371631661193,NA,NA,NA,NA,NA,0.596078431372549,NA,0.67948717948718,NA,NA,NA,NA,NA,0.473738434766658,NA,2.33139113307583,NA,141,NA,NA
"179",0,NA,NA,NA,NA,NA,NA,0.875862068965517,0,NA,NA,NA,NA,NA,NA,2.67603853970937,-1.48029736616688e-16,NA,NA,NA,NA,NA,NA,1.0235632183908,0,NA,NA,NA,NA,NA,NA,2.66208131532312,144,NA,NA
"180",NA,0.342857142857143,0.05,0.166666666666667,NA,NA,NA,0,NA,2.02837021134844,0.346410161513776,0.992932773634624,NA,NA,NA,0,NA,0.371428571428571,0.05,0.166666666666667,NA,NA,NA,0,NA,2.03044061120493,0.0875189948987368,0.346003337930655,NA,NA,NA,0,145,NA,NA
"181",NA,0.694736842105263,NA,0.0487804878048781,NA,NA,NA,NA,NA,2.34474079342167,NA,0.312347523777212,NA,NA,NA,NA,NA,0.910526315789474,NA,0.00406504065040636,NA,NA,NA,NA,NA,2.3284131556949,NA,0.0260289603147677,NA,NA,NA,NA,148,NA,NA
"182",0,NA,0,1.2,0.4,2,0.230769230769231,0,0,NA,0,3.79473319220206,1.30054933448469,NA,1.1766968108291,0,0,NA,0.0208333333333333,1.2,0.345454545454545,0.566666666666667,0.230769230769231,0,0,NA,0.144337567297406,3.79473319220206,0.32958936364687,NA,0.254195563720897,0,151,Inf,Inf
"183",NA,0.631578947368421,0.0833333333333333,0.0833333333333333,NA,NA,NA,0.145945945945946,NA,2.75298880644674,0.577350269189626,0.707106781186548,NA,NA,NA,0.622983232605909,NA,0.684210526315789,0.104166666666667,0.0694444444444444,NA,NA,NA,0.145945945945946,NA,2.7498006307316,0.167109341195798,0.174128727588293,NA,NA,NA,0.170121842928653,157,NA,NA
"184",NA,NA,0.0571428571428571,0.370967741935484,NA,NA,NA,NA,NA,NA,0.370328039909021,1.84864922745108,NA,NA,NA,NA,NA,NA,0.0428571428571429,0.513440860215054,NA,NA,NA,NA,NA,NA,0.0830599464473266,1.85691451071075,NA,NA,NA,NA,162,NA,NA
"185",NA,0.637209302325581,NA,0.1,NA,NA,NA,NA,NA,2.1453186305484,NA,0.447213595499958,NA,NA,NA,NA,NA,0.755813953488372,NA,0.0283333333333333,NA,NA,NA,NA,NA,2.07404240580334,NA,0.0694801078015641,NA,NA,NA,NA,169,NA,NA
"186",NA,0.307692307692308,0.195833333333333,0.0833333333333333,NA,NA,NA,0,NA,1.92153784566105,0.78441151090465,0.707106781186548,NA,NA,NA,0,NA,0.333333333333333,0.195833333333333,0.0833333333333333,NA,NA,NA,0,NA,1.92399438303882,0.185799022052713,0.1876466562602,NA,NA,NA,0,170,NA,NA
"187",0.428571428571429,0.476190476190476,0.0625,0,NA,NA,NA,0.0416666666666667,1.13389341902768,2.2002006032499,0.433012701892219,0,NA,NA,NA,0.353553390593274,0.0357142857142857,0.531746031746032,0.0416666666666667,0,NA,NA,NA,0.0555555555555556,0.0944911182523068,2.20501955550513,0.0941554471443387,0,NA,NA,NA,0.10466430427046,187,NA,NA
"188",NA,2.4,0,0.180555555555556,NA,NA,NA,0.16,NA,5.3665631459995,0,0.908897937977,NA,NA,NA,0.619677335393187,NA,2.4,0,0.263888888888889,NA,NA,NA,0.16,NA,5.3665631459995,0,0.755910461614397,NA,NA,NA,0.0828078671210825,189,NA,NA
"189",NA,0.27906976744186,0.141935483870968,0.180555555555556,NA,NA,NA,NA,NA,1.82998284399126,0.551829800783048,0.908897937977,NA,NA,NA,NA,NA,0.302325581395349,0.0827956989247312,0.180555555555556,NA,NA,NA,NA,NA,1.83270400957464,0.0992083358736051,0.2442612060402,NA,NA,NA,NA,192,NA,NA
"190",NA,0.428571428571429,0.0789473684210526,0.138888888888889,NA,NA,NA,NA,NA,2.04990014203973,0.486664263392288,0.844294113955984,NA,NA,NA,NA,NA,0.571428571428571,0.0789473684210526,0.138888888888889,NA,NA,NA,NA,NA,2.04095693890901,0.117767280219019,0.26389403668482,NA,NA,NA,NA,198,NA,NA
"191",NA,0.8,0.411111111111111,0.138888888888889,NA,NA,NA,NA,NA,3.09838667696593,0.961548315686057,0.844294113955984,NA,NA,NA,NA,NA,0.866666666666667,0.575925925925926,0.0416666666666667,NA,NA,NA,NA,NA,3.09069263311332,0.267231156346514,0.176361238329108,NA,NA,NA,NA,214,NA,NA
"192",0,0.571428571428571,0.125,0,NA,NA,NA,0.130555555555556,0,2.61861468283191,0.866025403784439,0,NA,NA,NA,0.644945436907976,0.133333333333333,0.619047619047619,0.125,0,NA,NA,NA,0.108333333333333,0.0984731927834662,2.6167955685569,0.218797487246842,0,NA,NA,NA,0.140338290144747,222,NA,NA
"193",NA,0.637209302325581,0,0,NA,NA,NA,NA,NA,2.1453186305484,0,0,NA,NA,NA,NA,NA,0.874031007751938,0,0.00555555555555556,NA,NA,NA,NA,NA,2.09884480170906,0,0.0330977591211541,NA,NA,NA,NA,228,NA,NA
"194",0.6,0.363636363636364,0,0,NA,NA,NA,0.180555555555556,1.2,2.08893187146837,0,0,NA,NA,NA,0.908897937977,0.633333333333333,0.393939393939394,0,0,NA,NA,NA,0.105324074074074,0.1,2.09074439404058,0,0,NA,NA,NA,0.233615295580863,9,NA,NA
"195",NA,0.307692307692308,NA,0.285185185185185,NA,NA,NA,NA,NA,1.92153784566105,NA,1.08478454645575,NA,NA,NA,NA,NA,0.333333333333333,NA,0.212037037037037,NA,NA,NA,NA,NA,1.92399438303882,NA,0.337154461156675,NA,NA,NA,NA,11,NA,NA
"196",NA,NA,NA,0.862068965517241,NA,NA,NA,NA,NA,NA,NA,2.55963359446836,NA,NA,NA,NA,NA,NA,NA,0.982758620689655,NA,NA,NA,NA,NA,NA,NA,2.38634293311273,NA,NA,NA,NA,16,NA,NA
"197",NA,0.581395348837209,NA,0,NA,NA,NA,NA,NA,2.12952664245607,NA,0,NA,NA,NA,NA,NA,0.705426356589147,NA,0,NA,NA,NA,NA,NA,2.07954805621913,NA,0,NA,NA,NA,NA,19,NA,NA
"198",NA,1.05,NA,0.0510204081632653,NA,NA,NA,NA,NA,2.60973959251507,NA,0.284683790090777,NA,NA,NA,NA,NA,1.23630952380952,NA,0.0149848828420257,NA,NA,NA,NA,NA,2.51385074074361,NA,0.0622470871838787,NA,NA,NA,NA,20,NA,NA
"199",NA,0.523809523809524,NA,0.0794117647058824,NA,NA,NA,NA,NA,2.12118346210484,NA,0.46249124994689,NA,NA,NA,NA,NA,0.547619047619048,NA,0.0176470588235294,NA,NA,NA,NA,NA,1.85054218755505,NA,0.0741945334724231,NA,NA,NA,NA,21,NA,NA
"200",NA,1.92307692307692,NA,0.0387096774193548,NA,NA,NA,NA,NA,3.61620285339789,NA,0.304800304800457,NA,NA,NA,NA,NA,1.91666666666667,NA,0.104032258064516,NA,NA,NA,NA,NA,3.56812016074031,NA,0.235734821454497,NA,NA,NA,NA,28,NA,NA
"201",NA,NA,0.317647058823529,0.318840579710145,NA,NA,NA,NA,NA,NA,0.902936386268191,1.66709286963148,NA,NA,NA,NA,NA,NA,0.114705882352941,0.333333333333333,NA,NA,NA,NA,NA,NA,0.148707668222709,1.44337567297406,NA,NA,NA,NA,32,NA,NA
"202",NA,NA,0,0.373134328358209,NA,NA,NA,0,NA,NA,0,1.72183676500383,NA,NA,NA,0,NA,NA,0.00520833333333333,0.384328358208955,NA,NA,NA,0,NA,NA,0.0360843918243516,1.47088431850573,NA,NA,NA,0,38,NA,NA
"203",0.25,NA,NA,NA,0.318181818181818,NA,0,0.461538461538462,1.22474487139159,NA,NA,NA,1.04135276655684,NA,0,2.35339362165821,0.229166666666667,NA,NA,NA,0.306818181818182,NA,0.0192307692307692,0.5,0.254488688852026,NA,NA,NA,0.0744750750018877,NA,0.098058067569092,2.35372045918796,42,0,0.0839160839160839
"204",NA,0.428571428571429,0,0.0555555555555556,NA,NA,NA,0.0555555555555556,NA,2.04990014203973,0,0.471404520791032,NA,NA,NA,0.408248290463863,NA,0.476190476190476,0,0.0555555555555556,NA,NA,NA,0.00925925925925926,NA,2.05400376704354,0,0.125097770840134,NA,NA,NA,0.0476564692732466,43,NA,NA
"205",0,NA,NA,NA,NA,NA,0.141176470588235,1.33333333333333,0,NA,NA,NA,NA,NA,0.582085500087199,3.2899132833199,0.0208333333333333,NA,NA,NA,NA,NA,0.0117647058823529,1.63888888888889,0.102062072615966,NA,NA,NA,NA,NA,0.0485071250072666,3.1983707044992,44,Inf,0.564705882352941
"206",0.166666666666667,0.4,0,0,NA,NA,0.176470588235294,0.0833333333333333,0.816496580927726,2.19089023002066,0,0,NA,NA,0.727606875108999,0.707106781186548,0.166666666666667,0.433333333333333,0,0,NA,NA,0.0441176470588235,0.0833333333333333,0.17025130615175,2.1922014338187,0,0,NA,NA,0.098238155999172,0.1876466562602,45,1.05882352941176,0.264705882352941
"207",NA,0.285714285714286,0,0,NA,NA,NA,0,NA,1.8516401995451,0,0,NA,NA,NA,0,NA,0.30952380952381,0,0,NA,NA,NA,0,NA,1.854304093225,0,0,NA,NA,NA,0,48,NA,NA
"208",NA,0.782608695652174,0.0697674418604651,0.0555555555555556,NA,NA,NA,NA,NA,2.74617952368096,0.457495710997814,0.471404520791032,NA,NA,NA,NA,NA,0.826086956521739,0.0775193798449612,0.037037037037037,NA,NA,NA,NA,NA,2.46156221484435,0.127806262573652,0.105491702950565,NA,NA,NA,NA,53,NA,NA
"209",NA,0.428571428571429,0.0625,0.0555555555555556,NA,NA,NA,0.0436363636363636,NA,2.04990014203973,0.433012701892219,0.471404520791032,NA,NA,NA,0.323615933982356,NA,0.511904761904762,0.0972222222222222,0.0324074074074074,NA,NA,NA,0.00363636363636364,NA,2.04965224664378,0.134627291015639,0.0994463896785643,NA,NA,NA,0.0269679944985297,54,NA,NA
"210",0.166666666666667,NA,0,0.272727272727273,NA,NA,0.245454545454545,0,0.816496580927726,NA,0,1.64125144134173,NA,NA,0.799837645863371,0,0.138888888888889,NA,0.0416666666666667,0.257575757575758,NA,NA,0.175757575757576,0,0.167870051728445,NA,0.139655096932732,1.48127394298708,NA,NA,0.178079649910824,0,56,1.47272727272727,1.26545454545455
"211",NA,0.534883720930233,NA,0.114285714285714,NA,NA,NA,NA,NA,2.20765806972545,NA,0.523722936566382,NA,NA,NA,NA,NA,0.645348837209302,NA,0.00952380952380953,NA,NA,NA,NA,NA,2.20764761914938,NA,0.0436435780471985,NA,NA,NA,NA,58,NA,NA
"212",NA,0.3,0.416216216216216,0,NA,NA,NA,NA,NA,1.89736659610103,1.29475727315833,0,NA,NA,NA,NA,NA,0.325,0.32972972972973,0,NA,NA,NA,NA,NA,1.89989878272907,0.242515594990949,0,NA,NA,NA,NA,63,NA,NA
"213",NA,1.2,NA,0.248387096774194,NA,NA,NA,NA,NA,3.79473319220206,NA,1.01573553023007,NA,NA,NA,NA,NA,1.2,NA,0.229032258064516,NA,NA,NA,NA,NA,3.79473319220206,NA,0.282583957314334,NA,NA,NA,NA,66,NA,NA
"214",NA,1.5,0,0.0555555555555556,NA,NA,NA,0.292682926829268,NA,3.72948936304837,0,0.471404520791032,NA,NA,NA,1.30850873973055,NA,1.625,0,0.0763888888888889,NA,NA,NA,0.158536585365854,NA,3.69966214673719,0,0.153053173326837,NA,NA,NA,0.235558495660948,69,NA,NA
"215",0.8,0.413793103448276,0.125,0,NA,NA,NA,0.0972222222222222,1.3856406460551,2.22834405812462,0.866025403784439,0,NA,NA,NA,0.585258392969696,0.0666666666666667,0.448275862068966,0.0729166666666667,0,NA,NA,NA,0.131944444444444,0.115470053837925,2.2294491135152,0.178336978818708,0,NA,NA,NA,0.234766724027246,71,NA,NA
"216",NA,NA,0,0.510204081632653,NA,NA,NA,0.2,NA,NA,0,2.0012751037317,NA,NA,NA,0.774596669241483,NA,NA,0.0364583333333333,0.535714285714286,NA,NA,NA,0.0166666666666667,NA,NA,0.0891684894093541,1.88699864570404,NA,NA,NA,0.0645497224367903,80,NA,NA
"217",NA,0.292682926829268,0,0.180555555555556,NA,NA,NA,NA,NA,1.87408514266327,0,0.908897937977,NA,NA,NA,NA,NA,0.317073170731707,0,0.180555555555556,NA,NA,NA,NA,NA,1.87668623363422,0,0.229393293831982,NA,NA,NA,NA,84,NA,NA
"218",0,0.333333333333333,0.125,0,NA,NA,NA,0.0972222222222222,0,2,0.866025403784439,0,NA,NA,NA,0.585258392969696,0,0.361111111111111,0.125,0,NA,NA,NA,0.0972222222222222,0,2.00218135011046,0.218797487246842,0,NA,NA,NA,0.140561137907417,85,NA,NA
"219",NA,NA,1,NA,NA,NA,NA,0.386363636363636,NA,NA,3.46410161513775,NA,NA,NA,NA,1.27982391759268,NA,NA,1.08333333333333,NA,NA,NA,NA,0.248106060606061,NA,NA,3.4498572653829,NA,NA,NA,NA,0.365452816515848,88,NA,NA
"220",NA,0.523809523809524,NA,0.0870967741935484,NA,NA,NA,NA,NA,2.12118346210484,NA,0.484001040158665,NA,NA,NA,NA,NA,0.507936507936508,NA,0.0946236559139785,NA,NA,NA,NA,NA,2.04884539530561,NA,0.135728963340592,NA,NA,NA,NA,90,NA,NA
"221",NA,0.6,0.371428571428571,0,NA,NA,NA,NA,NA,2.68328157299975,1.28534074872624,0,NA,NA,NA,NA,NA,0.65,0.342857142857143,0,NA,NA,NA,NA,NA,2.68082862288195,0.201881902410811,0,NA,NA,NA,NA,94,NA,NA
"222",NA,NA,NA,NA,1.63636363636364,0.723076923076923,NA,NA,NA,NA,NA,NA,3.88001874409718,1.41312528705811,NA,NA,NA,NA,NA,NA,1.63636363636364,0.746153846153846,NA,NA,NA,NA,NA,NA,3.88001874409718,0.287804094100825,NA,NA,97,NA,NA
"223",NA,1.22222222222222,NA,NA,NA,NA,NA,NA,NA,3.15399943219726,NA,NA,NA,NA,NA,NA,NA,1.36111111111111,NA,NA,NA,NA,NA,NA,NA,3.0006807506498,NA,NA,NA,NA,NA,NA,98,NA,NA
"224",NA,0.285714285714286,0.138461538461538,0.138888888888889,NA,NA,NA,NA,NA,1.8516401995451,0.607243723122154,0.844294113955984,NA,NA,NA,NA,NA,0.30952380952381,0.176068376068376,0.087962962962963,NA,NA,NA,NA,NA,1.854304093225,0.145386904248029,0.189662871613604,NA,NA,NA,NA,101,NA,NA
"225",NA,0.523809523809524,0.0625,0,NA,NA,NA,0,NA,2.12118346210484,0.433012701892219,0,NA,NA,NA,0,NA,0.571428571428571,0.0625,0,NA,NA,NA,0,NA,2.03696957853553,0.109398743623421,0,NA,NA,NA,0,108,NA,NA
"226",NA,1.52222222222222,NA,NA,NA,NA,NA,NA,NA,3.1534398688632,NA,NA,NA,NA,NA,NA,NA,1.66388888888889,NA,NA,NA,NA,NA,NA,NA,3.08135469104518,NA,NA,NA,NA,NA,NA,112,NA,NA
"227",0,0.511627906976744,0,0.0416666666666667,NA,NA,NA,0,0,2.09730090743925,0,0.353553390593274,NA,NA,NA,0,0,0.581395348837209,0,0.0416666666666667,NA,NA,NA,0,0,2.01067655998342,0,0.0938233281301002,NA,NA,NA,0,113,NA,NA
"228",NA,NA,0.85625,NA,NA,NA,NA,NA,NA,NA,2.4580266803455,NA,NA,NA,NA,NA,NA,NA,0.990625,NA,NA,NA,NA,NA,NA,NA,2.41475429525482,NA,NA,NA,NA,NA,115,NA,NA
"229",NA,NA,NA,NA,0.136363636363636,0.2,0.956521739130435,NA,NA,NA,NA,NA,0.639602149066831,0.692820323027551,2.82002999451433,NA,NA,NA,NA,NA,0.151515151515152,0.0166666666666667,1.20289855072464,NA,NA,NA,NA,NA,0.130212391711645,0.0577350269189626,2.6581096237869,NA,118,NA,NA
"230",0,NA,NA,NA,0.6,NA,0.269230769230769,0.782608695652174,0,NA,NA,NA,1.2,NA,0.961569230276939,2.74617952368096,0,NA,NA,NA,0.633333333333333,NA,0.121794871794872,1,0,NA,NA,NA,0.1,NA,0.196116135138184,2.70521382115755,120,Inf,Inf
"231",NA,0.521739130434783,0.25,0,NA,NA,NA,0.0648648648648649,NA,2.5021729686849,1.21164561914075,0,NA,NA,NA,0.394557569532858,NA,0.565217391304348,0.25,0,NA,NA,NA,0.00540540540540541,NA,2.50138301666247,0.342083727464118,0,NA,NA,NA,0.0328797974610715,127,NA,NA
"232",NA,0.418604651162791,NA,0.275862068965517,NA,NA,NA,NA,NA,2.02640378314856,NA,1.03152285911025,NA,NA,NA,NA,NA,0.441860465116279,NA,0.149425287356322,NA,NA,NA,NA,NA,1.82316216113124,NA,0.168706726292825,NA,NA,NA,NA,139,NA,NA
"233",NA,NA,NA,NA,0.272727272727273,1.2,2.57142857142857,NA,NA,NA,NA,NA,1.27920429813366,1.69705627484771,4.72077475481666,NA,NA,NA,NA,NA,0.181818181818182,0.6,2.57142857142857,NA,NA,NA,NA,NA,0.363365700135046,0.14142135623731,4.72077475481666,NA,153,NA,NA
"234",NA,NA,0.125,0.6,NA,NA,NA,0.42,NA,NA,0.866025403784439,2.68328157299975,NA,NA,NA,1.41852406617434,NA,NA,0.125,0.65,NA,NA,NA,0.11,NA,NA,0.218797487246842,2.68082862288195,NA,NA,NA,0.229186203313973,154,NA,NA
"235",NA,0.3,NA,0.25,NA,NA,NA,NA,NA,1.89736659610103,NA,1.06412073618386,NA,NA,NA,NA,NA,0.325,NA,0.166666666666667,NA,NA,NA,NA,NA,1.89989878272907,NA,0.243655887926257,NA,NA,NA,NA,155,NA,NA
"236",NA,2,NA,0.25,NA,NA,NA,NA,NA,4.89897948556636,NA,1.06412073618386,NA,NA,NA,NA,NA,2,NA,0.365384615384615,NA,NA,NA,NA,NA,4.89897948556636,NA,0.888095108119543,NA,NA,NA,NA,158,NA,NA
"237",NA,0.581395348837209,0,0,NA,NA,NA,NA,NA,2.12952664245607,0,0,NA,NA,NA,NA,NA,0.689922480620155,0,0,NA,NA,NA,NA,NA,2.08169185979546,0,0,NA,NA,NA,NA,159,NA,NA
"238",NA,0.563157894736842,NA,NA,NA,NA,NA,NA,NA,2.0970276329401,NA,NA,NA,NA,NA,NA,NA,0.505263157894737,NA,NA,NA,NA,NA,NA,NA,1.92965674514963,NA,NA,NA,NA,NA,NA,167,NA,NA
"239",NA,NA,NA,0.782857142857143,NA,NA,NA,NA,NA,NA,NA,2.35964674752583,NA,NA,NA,NA,NA,NA,NA,0.777142857142857,NA,NA,NA,NA,NA,NA,NA,2.19793830056925,NA,NA,NA,NA,174,NA,NA
"240",NA,NA,0.35,0.529411764705882,NA,NA,NA,NA,NA,NA,1.08942283125661,2.27283422208253,NA,NA,NA,NA,NA,NA,0.2625,0.558823529411765,NA,NA,NA,NA,NA,NA,0.151201329707325,2.0403680070708,NA,NA,NA,NA,188,NA,NA
"241",NA,NA,0,0.714285714285714,NA,NA,NA,NA,NA,NA,0,2.34610351022121,NA,NA,NA,NA,NA,NA,0,0.771428571428571,NA,NA,NA,NA,NA,NA,0,2.21738736414932,NA,NA,NA,NA,190,NA,NA
"242",0,NA,0.521739130434783,NA,0,0.428571428571429,0,0.180555555555556,0,NA,2.5021729686849,NA,0,1.13389341902768,0,0.908897937977,0,NA,0.565217391304348,NA,0,0.0357142857142857,0,0.180555555555556,0,NA,2.50138301666247,NA,0,0.0944911182523068,0,0.294378738941066,211,NA,NA
"243",NA,0.5,NA,0.254054054054054,NA,NA,NA,NA,NA,2.21036519283902,NA,0.887754531448929,NA,NA,NA,NA,NA,0.652777777777778,NA,0.147297297297297,NA,NA,NA,NA,NA,2.19681407121587,NA,0.191223865054984,NA,NA,NA,NA,213,NA,NA
"244",0,0.285714285714286,0,0,0.466666666666667,NA,0,0.166666666666667,0,1.8516401995451,0,0,1.24594580635795,NA,0,0.992932773634624,0,0.30952380952381,0,0,0.283333333333333,NA,0,0.166666666666667,0,1.854304093225,0,0,0.117006308336244,NA,0,0.237356331638771,224,NA,NA
"245",NA,0.3,NA,0.256666666666667,NA,NA,NA,NA,NA,1.89736659610103,NA,1.03176115135545,NA,NA,NA,NA,NA,0.325,NA,0.22,NA,NA,NA,NA,NA,1.89989878272907,NA,0.315852357699617,NA,NA,NA,NA,225,NA,NA
"246",NA,0.439024390243902,0.3,0.0972222222222222,NA,NA,NA,NA,NA,2.07423215296414,0.848528137423857,0.585258392969696,NA,NA,NA,NA,NA,0.378048780487805,0.025,0.145833333333333,NA,NA,NA,NA,NA,1.87343430564324,0.0707106781186548,0.180065846068009,NA,NA,NA,NA,229,NA,NA
"247",NA,NA,0.5,NA,NA,NA,NA,0.240625,NA,NA,2.44948974278318,NA,NA,NA,NA,1.00043145454254,NA,NA,0.541666666666667,NA,NA,NA,NA,0.17890625,NA,NA,2.44911992474789,NA,NA,NA,NA,0.214698882435488,237,NA,NA
